year,round,Team,Driver,Compound
2018,1,Ferrari,RAI,"['ULTRASOFT', 'SOFT']"
2018,1,Ferrari,VET,"['ULTRASOFT', 'SOFT', 'ULTRASOFT']"
2018,1,Force India,OCO,"['ULTRASOFT', 'SOFT']"
2018,1,Force India,PER,"['ULTRASOFT', 'SOFT']"
2018,1,Haas F1 Team,GRO,['ULTRASOFT']
2018,1,Haas F1 Team,MAG,['ULTRASOFT']
2018,1,McLaren,ALO,"['ULTRASOFT', 'SOFT']"
2018,1,McLaren,VAN,"['ULTRASOFT', 'SUPERSOFT']"
2018,1,Mercedes,BOT,"['ULTRASOFT', 'SUPERSOFT']"
2018,1,Mercedes,HAM,"['ULTRASOFT', 'SOFT']"
2018,1,Red Bull Racing,RIC,"['SUPERSOFT', 'SOFT']"
2018,1,Red Bull Racing,VER,"['SUPERSOFT', 'SOFT']"
2018,1,Renault,HUL,"['ULTRASOFT', 'SOFT']"
2018,1,Renault,SAI,"['ULTRASOFT', 'SOFT']"
2018,1,Sauber,ERI,['SUPERSOFT']
2018,1,Sauber,LEC,"['SUPERSOFT', 'SOFT', 'ULTRASOFT']"
2018,1,Toro Rosso,GAS,['ULTRASOFT']
2018,1,Toro Rosso,HAR,"['SOFT', 'SOFT', 'ULTRASOFT']"
2018,1,Williams,SIR,['SUPERSOFT']
2018,1,Williams,STR,"['SUPERSOFT', 'SOFT', 'ULTRASOFT']"
2018,2,Ferrari,RAI,"['SUPERSOFT', 'SOFT', 'SUPERSOFT']"
2018,2,Ferrari,VET,"['SUPERSOFT', 'SOFT', 'SUPERSOFT']"
2018,2,Force India,OCO,"['SUPERSOFT', 'MEDIUM', 'SOFT']"
2018,2,Force India,PER,"['SOFT', 'MEDIUM', 'SUPERSOFT']"
2018,2,Haas F1 Team,GRO,"['SUPERSOFT', 'SOFT', 'SUPERSOFT', 'SUPERSOFT']"
2018,2,Haas F1 Team,MAG,"['SUPERSOFT', 'SUPERSOFT', 'SOFT']"
2018,2,McLaren,ALO,"['SOFT', 'MEDIUM', 'SUPERSOFT']"
2018,2,McLaren,VAN,"['SUPERSOFT', 'SOFT', 'MEDIUM']"
2018,2,Mercedes,BOT,"['SUPERSOFT', 'MEDIUM', 'SUPERSOFT']"
2018,2,Mercedes,HAM,"['SOFT', 'MEDIUM', 'SOFT']"
2018,2,Red Bull Racing,VER,"['SOFT', 'SUPERSOFT']"
2018,2,Renault,HUL,"['SUPERSOFT', 'SOFT', 'SUPERSOFT']"
2018,2,Renault,SAI,"['SUPERSOFT', 'SOFT', 'SOFT', 'SUPERSOFT']"
2018,2,Sauber,ERI,"['SOFT', 'MEDIUM']"
2018,2,Sauber,LEC,"['SOFT', 'MEDIUM', 'SUPERSOFT']"
2018,2,Toro Rosso,GAS,"['SUPERSOFT', 'SOFT', 'SUPERSOFT']"
2018,2,Toro Rosso,HAR,"['SUPERSOFT', 'SOFT', 'SUPERSOFT']"
2018,2,Williams,SIR,"['SOFT', 'MEDIUM', 'SUPERSOFT']"
2018,2,Williams,STR,"['SOFT', 'SUPERSOFT', 'MEDIUM']"
2018,3,Ferrari,RAI,"['SOFT', 'MEDIUM', 'SOFT']"
2018,3,Ferrari,VET,"['SOFT', 'MEDIUM', 'SOFT']"
2018,3,Force India,OCO,"['SOFT', 'SOFT', 'SOFT', 'ULTRASOFT']"
2018,3,Force India,PER,"['ULTRASOFT', 'ULTRASOFT', 'SOFT', 'ULTRASOFT']"
2018,3,Haas F1 Team,GRO,"['ULTRASOFT', 'ULTRASOFT', 'MEDIUM', 'ULTRASOFT']"
2018,3,Haas F1 Team,MAG,"['SOFT', 'MEDIUM', 'SOFT']"
2018,3,McLaren,ALO,"['SOFT', 'MEDIUM', 'SOFT']"
2018,3,McLaren,VAN,"['SOFT', 'MEDIUM', 'SOFT']"
2018,3,Mercedes,BOT,"['SOFT', 'MEDIUM', 'SOFT']"
2018,3,Mercedes,HAM,"['SOFT', 'MEDIUM', 'SOFT']"
2018,3,Red Bull Racing,RIC,"['ULTRASOFT', 'ULTRASOFT', 'SOFT', 'ULTRASOFT']"
2018,3,Red Bull Racing,VER,"['ULTRASOFT', 'ULTRASOFT', 'MEDIUM', 'SOFT', 'ULTRASOFT']"
2018,3,Renault,HUL,"['ULTRASOFT', 'ULTRASOFT', 'MEDIUM', 'SOFT', 'ULTRASOFT']"
2018,3,Renault,SAI,"['ULTRASOFT', 'ULTRASOFT', 'MEDIUM', 'SOFT', 'ULTRASOFT']"
2018,3,Sauber,ERI,"['SOFT', 'MEDIUM', 'SOFT']"
2018,3,Sauber,LEC,"['SOFT', 'MEDIUM', 'SOFT']"
2018,3,Toro Rosso,GAS,"['MEDIUM', 'MEDIUM', 'MEDIUM', 'SOFT', 'ULTRASOFT']"
2018,3,Toro Rosso,HAR,"['ULTRASOFT', 'ULTRASOFT', 'SOFT', 'ULTRASOFT']"
2018,3,Williams,SIR,"['SOFT', 'SOFT', 'MEDIUM', 'SOFT']"
2018,3,Williams,STR,"['SOFT', 'MEDIUM', 'SOFT']"
2018,4,Ferrari,RAI,"['SOFT', 'ULTRASOFT']"
2018,4,Ferrari,VET,"['SUPERSOFT', 'SOFT', 'ULTRASOFT']"
2018,4,Force India,OCO,['ULTRASOFT']
2018,4,Force India,PER,"['ULTRASOFT', 'SOFT', 'SUPERSOFT']"
2018,4,Haas F1 Team,GRO,"['SOFT', 'SUPERSOFT', 'ULTRASOFT']"
2018,4,Haas F1 Team,MAG,"['SOFT', 'ULTRASOFT']"
2018,4,McLaren,ALO,"['SOFT', 'ULTRASOFT']"
2018,4,McLaren,VAN,"['SUPERSOFT', 'SOFT', 'ULTRASOFT', 'ULTRASOFT', 'ULTRASOFT']"
2018,4,Mercedes,BOT,"['SUPERSOFT', 'ULTRASOFT']"
2018,4,Mercedes,HAM,"['SUPERSOFT', 'SOFT', 'ULTRASOFT']"
2018,4,Red Bull Racing,RIC,"['SUPERSOFT', 'ULTRASOFT']"
2018,4,Red Bull Racing,VER,"['SUPERSOFT', 'ULTRASOFT']"
2018,4,Renault,HUL,['ULTRASOFT']
2018,4,Renault,SAI,"['ULTRASOFT', 'SOFT', 'ULTRASOFT']"
2018,4,Sauber,ERI,"['SOFT', 'ULTRASOFT', 'ULTRASOFT', 'ULTRASOFT']"
2018,4,Sauber,LEC,"['SUPERSOFT', 'SOFT', 'ULTRASOFT']"
2018,4,Toro Rosso,GAS,"['ULTRASOFT', 'SOFT', 'ULTRASOFT']"
2018,4,Toro Rosso,HAR,"['ULTRASOFT', 'SUPERSOFT', 'ULTRASOFT']"
2018,4,Williams,SIR,['SUPERSOFT']
2018,4,Williams,STR,"['SUPERSOFT', 'SOFT', 'ULTRASOFT']"
2018,5,Ferrari,RAI,['SOFT']
2018,5,Ferrari,VET,"['SOFT', 'MEDIUM', 'MEDIUM']"
2018,5,Force India,OCO,"['SOFT', 'MEDIUM']"
2018,5,Force India,PER,"['SOFT', 'MEDIUM', 'SOFT']"
2018,5,Haas F1 Team,GRO,['SOFT']
2018,5,Haas F1 Team,MAG,"['SOFT', 'MEDIUM']"
2018,5,McLaren,ALO,"['SUPERSOFT', 'MEDIUM']"
2018,5,McLaren,VAN,"['SOFT', 'MEDIUM']"
2018,5,Mercedes,BOT,"['SOFT', 'MEDIUM']"
2018,5,Mercedes,HAM,"['SOFT', 'MEDIUM']"
2018,5,Red Bull Racing,RIC,"['SOFT', 'MEDIUM']"
2018,5,Red Bull Racing,VER,"['SOFT', 'MEDIUM']"
2018,5,Renault,HUL,['SOFT']
2018,5,Renault,SAI,"['SOFT', 'MEDIUM']"
2018,5,Sauber,ERI,"['MEDIUM', 'SOFT']"
2018,5,Sauber,LEC,"['SOFT', 'MEDIUM']"
2018,5,Toro Rosso,GAS,['SOFT']
2018,5,Toro Rosso,HAR,"['MEDIUM', 'SOFT', 'MEDIUM']"
2018,5,Williams,SIR,"['MEDIUM', 'SOFT', 'MEDIUM', 'SUPERSOFT', 'SUPERSOFT']"
2018,5,Williams,STR,"['SOFT', 'MEDIUM']"
2018,6,Ferrari,RAI,"['HYPERSOFT', 'ULTRASOFT']"
2018,6,Ferrari,VET,"['HYPERSOFT', 'ULTRASOFT']"
2018,6,Force India,OCO,"['HYPERSOFT', 'SUPERSOFT']"
2018,6,Force India,PER,"['HYPERSOFT', 'SUPERSOFT']"
2018,6,Haas F1 Team,GRO,"['ULTRASOFT', 'SUPERSOFT', 'HYPERSOFT']"
2018,6,Haas F1 Team,MAG,"['ULTRASOFT', 'SUPERSOFT']"
2018,6,McLaren,ALO,"['HYPERSOFT', 'SUPERSOFT']"
2018,6,McLaren,VAN,"['ULTRASOFT', 'SUPERSOFT', 'HYPERSOFT']"
2018,6,Mercedes,BOT,"['HYPERSOFT', 'SUPERSOFT']"
2018,6,Mercedes,HAM,"['HYPERSOFT', 'ULTRASOFT']"
2018,6,Red Bull Racing,RIC,"['HYPERSOFT', 'ULTRASOFT']"
2018,6,Red Bull Racing,VER,"['ULTRASOFT', 'HYPERSOFT']"
2018,6,Renault,HUL,"['ULTRASOFT', 'HYPERSOFT']"
2018,6,Renault,SAI,"['HYPERSOFT', 'ULTRASOFT']"
2018,6,Sauber,ERI,"['ULTRASOFT', 'SUPERSOFT']"
2018,6,Sauber,LEC,"['ULTRASOFT', 'SUPERSOFT']"
2018,6,Toro Rosso,GAS,"['HYPERSOFT', 'SUPERSOFT']"
2018,6,Toro Rosso,HAR,"['HYPERSOFT', 'ULTRASOFT']"
2018,6,Williams,SIR,"['HYPERSOFT', 'HYPERSOFT', 'ULTRASOFT', 'SUPERSOFT']"
2018,6,Williams,STR,"['ULTRASOFT', 'SUPERSOFT', 'HYPERSOFT', 'HYPERSOFT']"
2018,7,Ferrari,RAI,"['ULTRASOFT', 'SUPERSOFT']"
2018,7,Ferrari,VET,"['ULTRASOFT', 'SUPERSOFT']"
2018,7,Force India,OCO,"['HYPERSOFT', 'SUPERSOFT']"
2018,7,Force India,PER,"['HYPERSOFT', 'SUPERSOFT', 'SUPERSOFT']"
2018,7,Haas F1 Team,GRO,"['ULTRASOFT', 'SUPERSOFT']"
2018,7,Haas F1 Team,MAG,"['ULTRASOFT', 'SUPERSOFT']"
2018,7,McLaren,ALO,"['ULTRASOFT', 'SUPERSOFT', 'SUPERSOFT']"
2018,7,McLaren,VAN,"['SUPERSOFT', 'HYPERSOFT']"
2018,7,Mercedes,BOT,"['ULTRASOFT', 'SUPERSOFT']"
2018,7,Mercedes,HAM,"['ULTRASOFT', 'SUPERSOFT']"
2018,7,Red Bull Racing,RIC,"['HYPERSOFT', 'SUPERSOFT']"
2018,7,Red Bull Racing,VER,"['HYPERSOFT', 'SUPERSOFT']"
2018,7,Renault,HUL,"['HYPERSOFT', 'SUPERSOFT']"
2018,7,Renault,SAI,"['HYPERSOFT', 'SUPERSOFT']"
2018,7,Sauber,ERI,['SUPERSOFT']
2018,7,Sauber,LEC,"['ULTRASOFT', 'SUPERSOFT']"
2018,7,Toro Rosso,GAS,"['HYPERSOFT', 'SUPERSOFT']"
2018,7,Toro Rosso,HAR,['HYPERSOFT']
2018,7,Williams,SIR,"['SUPERSOFT', 'ULTRASOFT']"
2018,7,Williams,STR,['ULTRASOFT']
2018,8,Ferrari,RAI,"['ULTRASOFT', 'SUPERSOFT']"
2018,8,Ferrari,VET,"['SOFT', 'ULTRASOFT']"
2018,8,Force India,OCO,['ULTRASOFT']
2018,8,Force India,PER,['SOFT']
2018,8,Haas F1 Team,GRO,"['ULTRASOFT', 'SOFT', 'SUPERSOFT']"
2018,8,Haas F1 Team,MAG,"['ULTRASOFT', 'SOFT']"
2018,8,McLaren,ALO,"['SOFT', 'ULTRASOFT']"
2018,8,McLaren,VAN,"['SUPERSOFT', 'ULTRASOFT']"
2018,8,Mercedes,BOT,"['SOFT', 'SUPERSOFT']"
2018,8,Mercedes,HAM,"['SUPERSOFT', 'SOFT']"
2018,8,Red Bull Racing,RIC,"['SUPERSOFT', 'SOFT']"
2018,8,Red Bull Racing,VER,"['SUPERSOFT', 'SOFT']"
2018,8,Renault,HUL,"['SOFT', 'ULTRASOFT']"
2018,8,Renault,SAI,"['ULTRASOFT', 'SOFT']"
2018,8,Sauber,ERI,"['SUPERSOFT', 'ULTRASOFT']"
2018,8,Sauber,LEC,"['ULTRASOFT', 'SUPERSOFT']"
2018,8,Toro Rosso,GAS,['SUPERSOFT']
2018,8,Toro Rosso,HAR,"['ULTRASOFT', 'SUPERSOFT']"
2018,8,Williams,SIR,['SOFT']
2018,8,Williams,STR,['SOFT']
2018,9,Ferrari,RAI,"['ULTRASOFT', 'SOFT']"
2018,9,Ferrari,VET,"['ULTRASOFT', 'SOFT']"
2018,9,Force India,OCO,"['SUPERSOFT', 'SOFT']"
2018,9,Force India,PER,"['SUPERSOFT', 'SOFT']"
2018,9,Haas F1 Team,GRO,"['ULTRASOFT', 'SOFT']"
2018,9,Haas F1 Team,MAG,"['ULTRASOFT', 'SOFT']"
2018,9,McLaren,ALO,"['SUPERSOFT', 'SOFT']"
2018,9,McLaren,VAN,"['SOFT', 'SOFT']"
2018,9,Mercedes,BOT,['SUPERSOFT']
2018,9,Mercedes,HAM,"['SUPERSOFT', 'SOFT', 'SUPERSOFT']"
2018,9,Red Bull Racing,RIC,"['SUPERSOFT', 'SOFT', 'SUPERSOFT']"
2018,9,Red Bull Racing,VER,"['SUPERSOFT', 'SOFT']"
2018,9,Renault,HUL,['ULTRASOFT']
2018,9,Renault,SAI,"['ULTRASOFT', 'SOFT', 'SUPERSOFT']"
2018,9,Sauber,ERI,"['SOFT', 'SUPERSOFT']"
2018,9,Sauber,LEC,"['SUPERSOFT', 'SOFT']"
2018,9,Toro Rosso,GAS,"['SUPERSOFT', 'SOFT']"
2018,9,Toro Rosso,HAR,['SUPERSOFT']
2018,9,Williams,SIR,"['SUPERSOFT', 'SOFT', 'ULTRASOFT']"
2018,9,Williams,STR,"['ULTRASOFT', 'SOFT', 'SUPERSOFT']"
2018,10,Ferrari,RAI,"['SOFT', 'MEDIUM', 'SOFT']"
2018,10,Ferrari,VET,"['SOFT', 'MEDIUM', 'SOFT']"
2018,10,Force India,OCO,"['SOFT', 'MEDIUM']"
2018,10,Force India,PER,"['SOFT', 'MEDIUM', 'SOFT']"
2018,10,Haas F1 Team,GRO,"['SOFT', 'MEDIUM']"
2018,10,Haas F1 Team,MAG,"['SOFT', 'MEDIUM']"
2018,10,McLaren,ALO,"['SOFT', 'MEDIUM', 'SOFT']"
2018,10,McLaren,VAN,"['SOFT', 'MEDIUM', 'SOFT']"
2018,10,Mercedes,BOT,"['SOFT', 'MEDIUM']"
2018,10,Mercedes,HAM,"['SOFT', 'MEDIUM']"
2018,10,Red Bull Racing,RIC,"['SOFT', 'MEDIUM', 'SOFT']"
2018,10,Red Bull Racing,VER,"['SOFT', 'MEDIUM', 'SOFT']"
2018,10,Renault,HUL,"['MEDIUM', 'HARD']"
2018,10,Renault,SAI,"['MEDIUM', 'HARD', 'SOFT']"
2018,10,Sauber,ERI,"['SOFT', 'MEDIUM']"
2018,10,Sauber,LEC,['SOFT']
2018,10,Toro Rosso,GAS,"['SOFT', 'MEDIUM', 'SOFT']"
2018,10,Williams,SIR,"['SOFT', 'MEDIUM']"
2018,10,Williams,STR,"['MEDIUM', 'SOFT']"
2018,11,Ferrari,RAI,"['ULTRASOFT', 'SOFT', 'ULTRASOFT']"
2018,11,Ferrari,VET,"['ULTRASOFT', 'SOFT']"
2018,11,Force India,OCO,"['ULTRASOFT', 'SOFT']"
2018,11,Force India,PER,"['ULTRASOFT', 'SOFT']"
2018,11,Haas F1 Team,GRO,"['ULTRASOFT', 'MEDIUM', 'INTERMEDIATE', 'ULTRASOFT']"
2018,11,Haas F1 Team,MAG,"['ULTRASOFT', 'MEDIUM', 'INTERMEDIATE', 'ULTRASOFT']"
2018,11,McLaren,ALO,"['SOFT', 'MEDIUM', 'INTERMEDIATE', 'SOFT']"
2018,11,McLaren,VAN,"['SOFT', 'MEDIUM', 'ULTRASOFT']"
2018,11,Mercedes,BOT,"['ULTRASOFT', 'SOFT', 'ULTRASOFT']"
2018,11,Mercedes,HAM,"['SOFT', 'ULTRASOFT']"
2018,11,Red Bull Racing,RIC,['MEDIUM']
2018,11,Red Bull Racing,VER,"['ULTRASOFT', 'SOFT', 'INTERMEDIATE', 'INTERMEDIATE', 'ULTRASOFT']"
2018,11,Renault,HUL,"['ULTRASOFT', 'MEDIUM', 'INTERMEDIATE', 'ULTRASOFT']"
2018,11,Renault,SAI,"['ULTRASOFT', 'MEDIUM', 'INTERMEDIATE', 'ULTRASOFT']"
2018,11,Sauber,ERI,"['SOFT', 'ULTRASOFT']"
2018,11,Sauber,LEC,"['ULTRASOFT', 'SOFT', 'INTERMEDIATE', 'ULTRASOFT']"
2018,11,Toro Rosso,GAS,"['SOFT', 'WET', 'ULTRASOFT']"
2018,11,Toro Rosso,HAR,"['SOFT', 'MEDIUM', 'ULTRASOFT']"
2018,11,Williams,SIR,"['SOFT', 'MEDIUM']"
2018,11,Williams,STR,"['SOFT', 'MEDIUM', 'INTERMEDIATE']"
2018,12,Ferrari,RAI,"['ULTRASOFT', 'SOFT', 'SOFT']"
2018,12,Ferrari,VET,"['SOFT', 'ULTRASOFT']"
2018,12,Force India,OCO,"['SOFT', 'ULTRASOFT']"
2018,12,Force India,PER,"['ULTRASOFT', 'SOFT']"
2018,12,Haas F1 Team,GRO,"['ULTRASOFT', 'SOFT']"
2018,12,Haas F1 Team,MAG,"['ULTRASOFT', 'SOFT']"
2018,12,McLaren,ALO,"['SOFT', 'MEDIUM']"
2018,12,McLaren,VAN,"['SOFT', 'MEDIUM']"
2018,12,Mercedes,BOT,"['ULTRASOFT', 'SOFT']"
2018,12,Mercedes,HAM,"['ULTRASOFT', 'SOFT']"
2018,12,Red Bull Racing,RIC,"['SOFT', 'ULTRASOFT']"
2018,12,Red Bull Racing,VER,['ULTRASOFT']
2018,12,Renault,HUL,"['SOFT', 'MEDIUM', 'ULTRASOFT']"
2018,12,Renault,SAI,"['SOFT', 'MEDIUM']"
2018,12,Sauber,ERI,"['ULTRASOFT', 'MEDIUM']"
2018,12,Sauber,LEC,['SOFT']
2018,12,Toro Rosso,GAS,"['ULTRASOFT', 'SOFT']"
2018,12,Toro Rosso,HAR,"['ULTRASOFT', 'MEDIUM']"
2018,12,Williams,SIR,"['SOFT', 'MEDIUM']"
2018,12,Williams,STR,"['MEDIUM', 'ULTRASOFT']"
2018,13,Ferrari,RAI,"['MEDIUM', 'MEDIUM']"
2018,13,Ferrari,VET,"['SUPERSOFT', 'SOFT']"
2018,13,Haas F1 Team,GRO,"['SUPERSOFT', 'SOFT']"
2018,13,Haas F1 Team,MAG,"['SUPERSOFT', 'SOFT']"
2018,13,McLaren,ALO,['SOFT']
2018,13,McLaren,VAN,"['SOFT', 'MEDIUM', 'SUPERSOFT']"
2018,13,Mercedes,BOT,"['SOFT', 'SUPERSOFT', 'SOFT']"
2018,13,Mercedes,HAM,"['SUPERSOFT', 'SOFT']"
2018,13,Racing Point,OCO,"['SUPERSOFT', 'SOFT']"
2018,13,Racing Point,PER,"['SUPERSOFT', 'SOFT']"
2018,13,Red Bull Racing,RIC,['SOFT']
2018,13,Red Bull Racing,VER,"['SOFT', 'SUPERSOFT', 'SOFT']"
2018,13,Renault,HUL,['SOFT']
2018,13,Renault,SAI,"['MEDIUM', 'SUPERSOFT']"
2018,13,Sauber,ERI,"['SOFT', 'SUPERSOFT']"
2018,13,Sauber,LEC,['SOFT']
2018,13,Toro Rosso,GAS,"['SUPERSOFT', 'SOFT']"
2018,13,Toro Rosso,HAR,"['SOFT', 'SUPERSOFT']"
2018,13,Williams,SIR,"['SOFT', 'SUPERSOFT']"
2018,13,Williams,STR,"['SOFT', 'SUPERSOFT']"
2018,14,Ferrari,RAI,"['SUPERSOFT', 'SOFT']"
2018,14,Ferrari,VET,"['SOFT', 'SUPERSOFT']"
2018,14,Haas F1 Team,GRO,"['SUPERSOFT', 'SOFT']"
2018,14,Haas F1 Team,MAG,"['SOFT', 'MEDIUM']"
2018,14,McLaren,ALO,['SUPERSOFT']
2018,14,McLaren,VAN,"['SUPERSOFT', 'SOFT']"
2018,14,Mercedes,BOT,"['SUPERSOFT', 'SOFT']"
2018,14,Mercedes,HAM,"['SUPERSOFT', 'SOFT']"
2018,14,Racing Point,OCO,"['SUPERSOFT', 'SOFT']"
2018,14,Racing Point,PER,"['SUPERSOFT', 'SOFT']"
2018,14,Red Bull Racing,RIC,['SUPERSOFT']
2018,14,Red Bull Racing,VER,"['SUPERSOFT', 'SOFT']"
2018,14,Renault,HUL,"['SOFT', 'SUPERSOFT']"
2018,14,Renault,SAI,"['SUPERSOFT', 'SOFT']"
2018,14,Sauber,ERI,"['SUPERSOFT', 'SUPERSOFT']"
2018,14,Sauber,LEC,"['SOFT', 'SUPERSOFT']"
2018,14,Toro Rosso,GAS,"['SUPERSOFT', 'SOFT']"
2018,14,Toro Rosso,HAR,['SUPERSOFT']
2018,14,Williams,SIR,"['SUPERSOFT', 'SOFT']"
2018,14,Williams,STR,"['SUPERSOFT', 'SOFT']"
2018,15,Ferrari,RAI,"['HYPERSOFT', 'SOFT']"
2018,15,Ferrari,VET,"['HYPERSOFT', 'ULTRASOFT']"
2018,15,Haas F1 Team,GRO,"['HYPERSOFT', 'SOFT']"
2018,15,Haas F1 Team,MAG,"['ULTRASOFT', 'SOFT', 'HYPERSOFT', 'HYPERSOFT']"
2018,15,McLaren,ALO,"['ULTRASOFT', 'SOFT']"
2018,15,McLaren,VAN,"['ULTRASOFT', 'SOFT', 'ULTRASOFT']"
2018,15,Mercedes,BOT,"['HYPERSOFT', 'SOFT']"
2018,15,Mercedes,HAM,"['HYPERSOFT', 'SOFT']"
2018,15,Racing Point,OCO,['HYPERSOFT']
2018,15,Racing Point,PER,"['HYPERSOFT', 'ULTRASOFT', 'SOFT', 'SOFT']"
2018,15,Red Bull Racing,RIC,"['HYPERSOFT', 'ULTRASOFT']"
2018,15,Red Bull Racing,VER,"['HYPERSOFT', 'SOFT']"
2018,15,Renault,HUL,"['HYPERSOFT', 'ULTRASOFT']"
2018,15,Renault,SAI,"['ULTRASOFT', 'SOFT']"
2018,15,Sauber,ERI,"['ULTRASOFT', 'HYPERSOFT', 'ULTRASOFT']"
2018,15,Sauber,LEC,"['ULTRASOFT', 'HYPERSOFT']"
2018,15,Toro Rosso,GAS,"['HYPERSOFT', 'ULTRASOFT']"
2018,15,Toro Rosso,HAR,"['HYPERSOFT', 'ULTRASOFT', 'HYPERSOFT']"
2018,15,Williams,SIR,"['ULTRASOFT', 'SOFT', 'HYPERSOFT', 'SOFT']"
2018,15,Williams,STR,"['SOFT', 'ULTRASOFT']"
2018,16,Ferrari,RAI,"['ULTRASOFT', 'SOFT']"
2018,16,Ferrari,VET,"['ULTRASOFT', 'SOFT']"
2018,16,Haas F1 Team,GRO,"['HYPERSOFT', 'SOFT']"
2018,16,Haas F1 Team,MAG,"['HYPERSOFT', 'SOFT']"
2018,16,McLaren,ALO,"['ULTRASOFT', 'SOFT']"
2018,16,McLaren,VAN,"['ULTRASOFT', 'SOFT']"
2018,16,Mercedes,BOT,"['ULTRASOFT', 'SOFT']"
2018,16,Mercedes,HAM,"['ULTRASOFT', 'SOFT']"
2018,16,Racing Point,OCO,"['HYPERSOFT', 'SOFT']"
2018,16,Racing Point,PER,"['HYPERSOFT', 'SOFT']"
2018,16,Red Bull Racing,RIC,"['SOFT', 'ULTRASOFT']"
2018,16,Red Bull Racing,VER,"['SOFT', 'ULTRASOFT']"
2018,16,Renault,HUL,"['SOFT', 'ULTRASOFT']"
2018,16,Renault,SAI,"['SOFT', 'ULTRASOFT']"
2018,16,Sauber,ERI,"['HYPERSOFT', 'SOFT', 'ULTRASOFT']"
2018,16,Sauber,LEC,"['HYPERSOFT', 'SOFT']"
2018,16,Toro Rosso,GAS,['SOFT']
2018,16,Toro Rosso,HAR,"['HYPERSOFT', 'SOFT']"
2018,16,Williams,SIR,"['ULTRASOFT', 'SOFT']"
2018,16,Williams,STR,"['ULTRASOFT', 'SOFT']"
2018,17,Ferrari,RAI,"['SUPERSOFT', 'MEDIUM']"
2018,17,Ferrari,VET,"['SUPERSOFT', 'SOFT']"
2018,17,Haas F1 Team,GRO,"['SOFT', 'MEDIUM']"
2018,17,Haas F1 Team,MAG,"['SOFT', 'MEDIUM']"
2018,17,McLaren,ALO,"['SOFT', 'MEDIUM']"
2018,17,McLaren,VAN,"['SOFT', 'MEDIUM']"
2018,17,Mercedes,BOT,"['SOFT', 'MEDIUM']"
2018,17,Mercedes,HAM,"['SOFT', 'MEDIUM']"
2018,17,Racing Point,OCO,"['SUPERSOFT', 'MEDIUM']"
2018,17,Racing Point,PER,"['SUPERSOFT', 'SOFT']"
2018,17,Red Bull Racing,RIC,"['SOFT', 'MEDIUM', 'SUPERSOFT']"
2018,17,Red Bull Racing,VER,"['SUPERSOFT', 'SOFT']"
2018,17,Renault,HUL,"['MEDIUM', 'SOFT']"
2018,17,Renault,SAI,"['SOFT', 'MEDIUM']"
2018,17,Sauber,ERI,"['SOFT', 'MEDIUM']"
2018,17,Sauber,LEC,"['SOFT', 'MEDIUM', 'SOFT']"
2018,17,Toro Rosso,GAS,"['SUPERSOFT', 'SOFT']"
2018,17,Toro Rosso,HAR,"['SUPERSOFT', 'SOFT']"
2018,17,Williams,SIR,"['SOFT', 'MEDIUM', 'SUPERSOFT']"
2018,17,Williams,STR,"['SOFT', 'MEDIUM', 'SUPERSOFT']"
2018,18,Ferrari,RAI,"['ULTRASOFT', 'SOFT']"
2018,18,Ferrari,VET,"['SUPERSOFT', 'SOFT']"
2018,18,Haas F1 Team,GRO,"['ULTRASOFT', 'ULTRASOFT']"
2018,18,Haas F1 Team,MAG,"['SUPERSOFT', 'SOFT']"
2018,18,McLaren,ALO,['SUPERSOFT']
2018,18,McLaren,VAN,"['SUPERSOFT', 'SOFT', 'SOFT']"
2018,18,Mercedes,BOT,"['SUPERSOFT', 'SOFT']"
2018,18,Mercedes,HAM,"['SUPERSOFT', 'SOFT', 'SOFT']"
2018,18,Racing Point,OCO,"['ULTRASOFT', 'SOFT']"
2018,18,Racing Point,PER,"['ULTRASOFT', 'SOFT']"
2018,18,Red Bull Racing,RIC,['SUPERSOFT']
2018,18,Red Bull Racing,VER,"['SOFT', 'SUPERSOFT']"
2018,18,Renault,HUL,"['ULTRASOFT', 'SOFT']"
2018,18,Renault,SAI,"['SUPERSOFT', 'SOFT']"
2018,18,Sauber,ERI,"['SOFT', 'SUPERSOFT']"
2018,18,Sauber,LEC,"['ULTRASOFT', 'SOFT', 'ULTRASOFT']"
2018,18,Toro Rosso,GAS,"['SUPERSOFT', 'SOFT', 'ULTRASOFT']"
2018,18,Toro Rosso,HAR,"['SUPERSOFT', 'SOFT']"
2018,18,Williams,SIR,"['SUPERSOFT', 'SOFT', 'SUPERSOFT']"
2018,18,Williams,STR,"['SUPERSOFT', 'SOFT', 'SUPERSOFT', 'SOFT', 'ULTRASOFT']"
2018,19,Ferrari,RAI,"['ULTRASOFT', 'SUPERSOFT']"
2018,19,Ferrari,VET,"['ULTRASOFT', 'SUPERSOFT', 'ULTRASOFT']"
2018,19,Haas F1 Team,GRO,"['SUPERSOFT', 'ULTRASOFT', 'HYPERSOFT']"
2018,19,Haas F1 Team,MAG,"['SUPERSOFT', 'ULTRASOFT']"
2018,19,McLaren,ALO,['ULTRASOFT']
2018,19,McLaren,VAN,"['ULTRASOFT', 'SUPERSOFT']"
2018,19,Mercedes,BOT,"['ULTRASOFT', 'SUPERSOFT', 'ULTRASOFT', 'HYPERSOFT']"
2018,19,Mercedes,HAM,"['ULTRASOFT', 'SUPERSOFT', 'ULTRASOFT']"
2018,19,Racing Point,OCO,"['SUPERSOFT', 'SUPERSOFT', 'ULTRASOFT']"
2018,19,Racing Point,PER,"['SUPERSOFT', 'ULTRASOFT']"
2018,19,Red Bull Racing,RIC,"['ULTRASOFT', 'SUPERSOFT']"
2018,19,Red Bull Racing,VER,"['ULTRASOFT', 'SUPERSOFT', 'SUPERSOFT']"
2018,19,Renault,HUL,"['HYPERSOFT', 'SUPERSOFT']"
2018,19,Renault,SAI,"['HYPERSOFT', 'SUPERSOFT']"
2018,19,Sauber,ERI,"['HYPERSOFT', 'SUPERSOFT']"
2018,19,Sauber,LEC,"['HYPERSOFT', 'SUPERSOFT']"
2018,19,Toro Rosso,GAS,"['HYPERSOFT', 'SUPERSOFT', 'SUPERSOFT']"
2018,19,Toro Rosso,HAR,"['SUPERSOFT', 'ULTRASOFT', 'SUPERSOFT']"
2018,19,Williams,SIR,"['ULTRASOFT', 'SUPERSOFT']"
2018,19,Williams,STR,"['ULTRASOFT', 'ULTRASOFT', 'SUPERSOFT']"
2018,20,Ferrari,RAI,"['SOFT', 'MEDIUM']"
2018,20,Ferrari,VET,"['SOFT', 'MEDIUM', 'SUPERSOFT']"
2018,20,Haas F1 Team,GRO,"['SUPERSOFT', 'MEDIUM']"
2018,20,Haas F1 Team,MAG,"['SOFT', 'SUPERSOFT']"
2018,20,McLaren,ALO,"['SOFT', 'MEDIUM', 'SUPERSOFT']"
2018,20,McLaren,VAN,"['SOFT', 'MEDIUM']"
2018,20,Mercedes,BOT,"['SUPERSOFT', 'MEDIUM', 'SOFT']"
2018,20,Mercedes,HAM,"['SUPERSOFT', 'MEDIUM']"
2018,20,Racing Point,OCO,"['SOFT', 'SUPERSOFT', 'SUPERSOFT']"
2018,20,Racing Point,PER,"['SUPERSOFT', 'SOFT']"
2018,20,Red Bull Racing,RIC,"['SUPERSOFT', 'SOFT']"
2018,20,Red Bull Racing,VER,"['SUPERSOFT', 'SOFT']"
2018,20,Renault,HUL,['SOFT']
2018,20,Renault,SAI,"['SOFT', 'MEDIUM', 'SUPERSOFT']"
2018,20,Sauber,ERI,"['SUPERSOFT', 'MEDIUM']"
2018,20,Sauber,LEC,"['SUPERSOFT', 'MEDIUM']"
2018,20,Toro Rosso,GAS,"['SUPERSOFT', 'MEDIUM']"
2018,20,Toro Rosso,HAR,"['MEDIUM', 'SUPERSOFT']"
2018,20,Williams,SIR,"['SOFT', 'MEDIUM']"
2018,20,Williams,STR,"['SOFT', 'MEDIUM', 'SUPERSOFT']"
2018,21,Ferrari,RAI,['ULTRASOFT']
2018,21,Ferrari,VET,"['ULTRASOFT', 'SUPERSOFT']"
2018,21,Haas F1 Team,GRO,"['HYPERSOFT', 'SUPERSOFT']"
2018,21,Haas F1 Team,MAG,"['SUPERSOFT', 'ULTRASOFT']"
2018,21,McLaren,ALO,"['ULTRASOFT', 'SUPERSOFT']"
2018,21,McLaren,VAN,"['SUPERSOFT', 'ULTRASOFT']"
2018,21,Mercedes,BOT,"['ULTRASOFT', 'SUPERSOFT', 'ULTRASOFT']"
2018,21,Mercedes,HAM,"['ULTRASOFT', 'SUPERSOFT']"
2018,21,Racing Point,OCO,"['HYPERSOFT', 'SUPERSOFT']"
2018,21,Racing Point,PER,"['ULTRASOFT', 'SUPERSOFT']"
2018,21,Red Bull Racing,RIC,"['ULTRASOFT', 'HYPERSOFT', 'SUPERSOFT']"
2018,21,Red Bull Racing,VER,"['HYPERSOFT', 'SUPERSOFT']"
2018,21,Renault,HUL,['HYPERSOFT']
2018,21,Renault,SAI,"['ULTRASOFT', 'SUPERSOFT']"
2018,21,Sauber,ERI,['SUPERSOFT']
2018,21,Sauber,LEC,"['HYPERSOFT', 'SUPERSOFT']"
2018,21,Toro Rosso,GAS,"['SUPERSOFT', 'ULTRASOFT']"
2018,21,Toro Rosso,HAR,"['ULTRASOFT', 'SUPERSOFT', 'ULTRASOFT']"
2018,21,Williams,SIR,"['SUPERSOFT', 'ULTRASOFT']"
2018,21,Williams,STR,"['SUPERSOFT', 'ULTRASOFT']"
2019,1,Alfa Romeo Racing,GIO,"['MEDIUM', 'SOFT']"
2019,1,Alfa Romeo Racing,RAI,"['SOFT', 'MEDIUM']"
2019,1,Ferrari,LEC,"['SOFT', 'HARD']"
2019,1,Ferrari,VET,"['SOFT', 'MEDIUM']"
2019,1,Haas F1 Team,GRO,"['SOFT', 'MEDIUM']"
2019,1,Haas F1 Team,MAG,"['SOFT', 'MEDIUM']"
2019,1,McLaren,NOR,"['SOFT', 'HARD']"
2019,1,McLaren,SAI,['SOFT']
2019,1,Mercedes,BOT,"['SOFT', 'MEDIUM']"
2019,1,Mercedes,HAM,"['SOFT', 'MEDIUM']"
2019,1,Racing Point,PER,"['SOFT', 'HARD']"
2019,1,Racing Point,STR,"['MEDIUM', 'HARD']"
2019,1,Red Bull Racing,GAS,"['MEDIUM', 'SOFT']"
2019,1,Red Bull Racing,VER,"['SOFT', 'MEDIUM']"
2019,1,Renault,HUL,"['SOFT', 'HARD']"
2019,1,Renault,RIC,"['SOFT', 'HARD']"
2019,1,Toro Rosso,ALB,"['SOFT', 'MEDIUM']"
2019,1,Toro Rosso,KVY,"['MEDIUM', 'HARD']"
2019,1,Williams,KUB,"['HARD', 'MEDIUM', 'SOFT', 'SOFT']"
2019,1,Williams,RUS,"['MEDIUM', 'SOFT', 'HARD']"
2019,2,Alfa Romeo Racing,GIO,"['SOFT', 'MEDIUM', 'MEDIUM', 'SOFT']"
2019,2,Alfa Romeo Racing,RAI,"['SOFT', 'MEDIUM', 'SOFT']"
2019,2,Ferrari,LEC,"['SOFT', 'MEDIUM', 'MEDIUM']"
2019,2,Ferrari,VET,"['SOFT', 'MEDIUM', 'MEDIUM', 'SOFT']"
2019,2,Haas F1 Team,GRO,"['SOFT', 'MEDIUM']"
2019,2,Haas F1 Team,MAG,"['SOFT', 'MEDIUM', 'SOFT']"
2019,2,McLaren,NOR,"['SOFT', 'MEDIUM', 'SOFT']"
2019,2,McLaren,SAI,"['SOFT', 'MEDIUM', 'HARD', 'SOFT']"
2019,2,Mercedes,BOT,"['SOFT', 'MEDIUM', 'MEDIUM', 'SOFT']"
2019,2,Mercedes,HAM,"['SOFT', 'SOFT', 'MEDIUM']"
2019,2,Racing Point,PER,"['SOFT', 'MEDIUM', 'MEDIUM']"
2019,2,Racing Point,STR,"['SOFT', 'MEDIUM', 'MEDIUM']"
2019,2,Red Bull Racing,GAS,"['SOFT', 'SOFT', 'MEDIUM']"
2019,2,Red Bull Racing,VER,"['SOFT', 'MEDIUM', 'MEDIUM']"
2019,2,Renault,HUL,"['SOFT', 'SOFT', 'MEDIUM']"
2019,2,Renault,RIC,"['SOFT', 'MEDIUM']"
2019,2,Toro Rosso,ALB,"['SOFT', 'SOFT', 'MEDIUM']"
2019,2,Toro Rosso,KVY,"['SOFT', 'MEDIUM', 'SOFT']"
2019,2,Williams,KUB,"['MEDIUM', 'SOFT', 'MEDIUM']"
2019,2,Williams,RUS,"['SOFT', 'MEDIUM', 'MEDIUM']"
2019,3,Alfa Romeo Racing,GIO,"['SOFT', 'MEDIUM', 'MEDIUM']"
2019,3,Alfa Romeo Racing,RAI,"['MEDIUM', 'HARD']"
2019,3,Ferrari,LEC,"['MEDIUM', 'HARD', 'MEDIUM']"
2019,3,Ferrari,VET,"['MEDIUM', 'HARD', 'MEDIUM', 'MEDIUM']"
2019,3,Haas F1 Team,GRO,"['SOFT', 'HARD', 'MEDIUM']"
2019,3,Haas F1 Team,MAG,"['SOFT', 'HARD', 'MEDIUM']"
2019,3,McLaren,NOR,"['MEDIUM', 'HARD', 'MEDIUM', 'SOFT']"
2019,3,McLaren,SAI,"['MEDIUM', 'HARD', 'SOFT']"
2019,3,Mercedes,BOT,"['MEDIUM', 'HARD', 'MEDIUM']"
2019,3,Mercedes,HAM,"['MEDIUM', 'HARD', 'MEDIUM']"
2019,3,Racing Point,PER,"['MEDIUM', 'HARD']"
2019,3,Racing Point,STR,"['MEDIUM', 'HARD', 'SOFT']"
2019,3,Red Bull Racing,GAS,"['SOFT', 'HARD', 'MEDIUM', 'SOFT']"
2019,3,Red Bull Racing,VER,"['MEDIUM', 'HARD', 'MEDIUM']"
2019,3,Renault,HUL,"['SOFT', 'HARD']"
2019,3,Renault,RIC,"['SOFT', 'HARD']"
2019,3,Toro Rosso,ALB,"['SOFT', 'HARD']"
2019,3,Toro Rosso,KVY,"['MEDIUM', 'MEDIUM', 'HARD', 'SOFT']"
2019,3,Williams,KUB,"['MEDIUM', 'HARD']"
2019,3,Williams,RUS,"['MEDIUM', 'HARD', 'SOFT']"
2019,4,Alfa Romeo Racing,GIO,"['SOFT', 'MEDIUM']"
2019,4,Alfa Romeo Racing,RAI,"['SOFT', 'MEDIUM']"
2019,4,Ferrari,LEC,"['MEDIUM', 'SOFT', 'SOFT']"
2019,4,Ferrari,VET,"['SOFT', 'MEDIUM']"
2019,4,Haas F1 Team,GRO,"['MEDIUM', 'SOFT']"
2019,4,Haas F1 Team,MAG,"['SOFT', 'MEDIUM', 'SOFT']"
2019,4,McLaren,NOR,"['SOFT', 'MEDIUM', 'SOFT']"
2019,4,McLaren,SAI,"['SOFT', 'MEDIUM']"
2019,4,Mercedes,BOT,"['SOFT', 'MEDIUM']"
2019,4,Mercedes,HAM,"['SOFT', 'MEDIUM']"
2019,4,Racing Point,PER,"['SOFT', 'MEDIUM']"
2019,4,Racing Point,STR,"['SOFT', 'MEDIUM']"
2019,4,Red Bull Racing,GAS,['MEDIUM']
2019,4,Red Bull Racing,VER,"['SOFT', 'MEDIUM']"
2019,4,Renault,HUL,"['SOFT', 'MEDIUM', 'SOFT']"
2019,4,Renault,RIC,"['SOFT', 'MEDIUM']"
2019,4,Toro Rosso,ALB,"['SOFT', 'MEDIUM']"
2019,4,Toro Rosso,KVY,"['SOFT', 'MEDIUM']"
2019,4,Williams,KUB,"['MEDIUM', 'MEDIUM', 'MEDIUM', 'SOFT']"
2019,4,Williams,RUS,"['MEDIUM', 'MEDIUM', 'SOFT']"
2019,5,Alfa Romeo Racing,GIO,"['SOFT', 'HARD', 'SOFT']"
2019,5,Alfa Romeo Racing,RAI,"['MEDIUM', 'HARD', 'SOFT']"
2019,5,Ferrari,LEC,"['SOFT', 'HARD', 'MEDIUM']"
2019,5,Ferrari,VET,"['SOFT', 'MEDIUM', 'MEDIUM']"
2019,5,Haas F1 Team,GRO,"['SOFT', 'MEDIUM', 'SOFT']"
2019,5,Haas F1 Team,MAG,"['SOFT', 'MEDIUM', 'SOFT']"
2019,5,McLaren,NOR,"['SOFT', 'MEDIUM']"
2019,5,McLaren,SAI,"['SOFT', 'MEDIUM', 'SOFT']"
2019,5,Mercedes,BOT,"['SOFT', 'MEDIUM', 'SOFT']"
2019,5,Mercedes,HAM,"['SOFT', 'MEDIUM', 'SOFT']"
2019,5,Racing Point,PER,"['SOFT', 'MEDIUM', 'SOFT']"
2019,5,Racing Point,STR,"['MEDIUM', 'SOFT']"
2019,5,Red Bull Racing,GAS,"['SOFT', 'MEDIUM', 'SOFT']"
2019,5,Red Bull Racing,VER,"['SOFT', 'SOFT', 'MEDIUM']"
2019,5,Renault,HUL,"['MEDIUM', 'SOFT']"
2019,5,Renault,RIC,"['SOFT', 'HARD', 'MEDIUM']"
2019,5,Toro Rosso,ALB,"['SOFT', 'MEDIUM', 'MEDIUM']"
2019,5,Toro Rosso,KVY,"['SOFT', 'MEDIUM', 'MEDIUM']"
2019,5,Williams,KUB,"['MEDIUM', 'SOFT', 'MEDIUM']"
2019,5,Williams,RUS,"['MEDIUM', 'SOFT', 'MEDIUM']"
2019,6,Alfa Romeo Racing,GIO,"['SOFT', 'MEDIUM']"
2019,6,Alfa Romeo Racing,RAI,"['SOFT', 'MEDIUM']"
2019,6,Ferrari,LEC,"['MEDIUM', 'HARD', 'SOFT']"
2019,6,Ferrari,VET,"['SOFT', 'HARD']"
2019,6,Haas F1 Team,GRO,"['SOFT', 'MEDIUM']"
2019,6,Haas F1 Team,MAG,"['SOFT', 'MEDIUM']"
2019,6,McLaren,NOR,"['MEDIUM', 'SOFT']"
2019,6,McLaren,SAI,"['SOFT', 'MEDIUM']"
2019,6,Mercedes,BOT,"['SOFT', 'MEDIUM', 'HARD']"
2019,6,Mercedes,HAM,"['SOFT', 'MEDIUM']"
2019,6,Racing Point,PER,"['MEDIUM', 'HARD']"
2019,6,Racing Point,STR,"['MEDIUM', 'HARD', 'MEDIUM']"
2019,6,Red Bull Racing,GAS,"['SOFT', 'MEDIUM', 'SOFT']"
2019,6,Red Bull Racing,VER,"['SOFT', 'HARD']"
2019,6,Renault,HUL,"['MEDIUM', 'HARD']"
2019,6,Renault,RIC,"['SOFT', 'MEDIUM']"
2019,6,Toro Rosso,ALB,"['SOFT', 'MEDIUM']"
2019,6,Toro Rosso,KVY,"['SOFT', 'MEDIUM']"
2019,6,Williams,KUB,"['MEDIUM', 'HARD']"
2019,6,Williams,RUS,"['MEDIUM', 'HARD']"
2019,7,Alfa Romeo Racing,GIO,"['HARD', 'MEDIUM']"
2019,7,Alfa Romeo Racing,RAI,"['MEDIUM', 'HARD', 'SOFT']"
2019,7,Ferrari,LEC,"['MEDIUM', 'HARD']"
2019,7,Ferrari,VET,"['MEDIUM', 'HARD']"
2019,7,Haas F1 Team,GRO,"['MEDIUM', 'HARD']"
2019,7,Haas F1 Team,MAG,"['HARD', 'MEDIUM']"
2019,7,McLaren,NOR,['SOFT']
2019,7,McLaren,SAI,"['SOFT', 'HARD', 'SOFT']"
2019,7,Mercedes,BOT,"['MEDIUM', 'HARD', 'SOFT']"
2019,7,Mercedes,HAM,"['MEDIUM', 'HARD']"
2019,7,Racing Point,PER,"['MEDIUM', 'HARD']"
2019,7,Racing Point,STR,"['HARD', 'MEDIUM']"
2019,7,Red Bull Racing,GAS,"['SOFT', 'HARD']"
2019,7,Red Bull Racing,VER,"['HARD', 'MEDIUM']"
2019,7,Renault,HUL,"['SOFT', 'HARD']"
2019,7,Renault,RIC,"['SOFT', 'HARD']"
2019,7,Toro Rosso,ALB,"['MEDIUM', 'HARD']"
2019,7,Toro Rosso,KVY,"['MEDIUM', 'HARD']"
2019,7,Williams,KUB,"['MEDIUM', 'HARD', 'MEDIUM', 'HARD']"
2019,7,Williams,RUS,"['MEDIUM', 'HARD']"
2019,8,Alfa Romeo Racing,GIO,"['SOFT', 'HARD', 'MEDIUM']"
2019,8,Alfa Romeo Racing,RAI,"['HARD', 'MEDIUM']"
2019,8,Ferrari,LEC,"['MEDIUM', 'HARD']"
2019,8,Ferrari,VET,"['MEDIUM', 'HARD', 'SOFT']"
2019,8,Haas F1 Team,GRO,"['HARD', 'MEDIUM']"
2019,8,Haas F1 Team,MAG,"['MEDIUM', 'HARD']"
2019,8,McLaren,NOR,"['MEDIUM', 'HARD']"
2019,8,McLaren,SAI,"['MEDIUM', 'HARD']"
2019,8,Mercedes,BOT,"['MEDIUM', 'HARD']"
2019,8,Mercedes,HAM,"['MEDIUM', 'HARD']"
2019,8,Racing Point,PER,"['MEDIUM', 'HARD']"
2019,8,Racing Point,STR,"['HARD', 'MEDIUM']"
2019,8,Red Bull Racing,GAS,"['SOFT', 'HARD']"
2019,8,Red Bull Racing,VER,"['MEDIUM', 'HARD']"
2019,8,Renault,HUL,"['HARD', 'HARD', 'MEDIUM']"
2019,8,Renault,RIC,"['MEDIUM', 'HARD']"
2019,8,Toro Rosso,ALB,"['MEDIUM', 'HARD']"
2019,8,Toro Rosso,KVY,"['HARD', 'MEDIUM']"
2019,8,Williams,KUB,"['MEDIUM', 'HARD']"
2019,8,Williams,RUS,"['MEDIUM', 'HARD', 'MEDIUM']"
2019,9,Alfa Romeo Racing,GIO,"['SOFT', 'HARD']"
2019,9,Alfa Romeo Racing,RAI,"['SOFT', 'HARD']"
2019,9,Ferrari,LEC,"['SOFT', 'HARD']"
2019,9,Ferrari,VET,"['SOFT', 'HARD', 'SOFT']"
2019,9,Haas F1 Team,GRO,"['MEDIUM', 'HARD']"
2019,9,Haas F1 Team,MAG,"['SOFT', 'HARD', 'HARD', 'SOFT']"
2019,9,McLaren,NOR,"['SOFT', 'MEDIUM']"
2019,9,McLaren,SAI,"['MEDIUM', 'HARD']"
2019,9,Mercedes,BOT,"['MEDIUM', 'HARD']"
2019,9,Mercedes,HAM,"['MEDIUM', 'HARD']"
2019,9,Racing Point,PER,"['MEDIUM', 'HARD']"
2019,9,Racing Point,STR,"['MEDIUM', 'HARD']"
2019,9,Red Bull Racing,GAS,"['SOFT', 'HARD']"
2019,9,Red Bull Racing,VER,"['MEDIUM', 'HARD']"
2019,9,Renault,HUL,"['MEDIUM', 'HARD']"
2019,9,Renault,RIC,"['MEDIUM', 'SOFT']"
2019,9,Toro Rosso,ALB,"['MEDIUM', 'HARD']"
2019,9,Toro Rosso,KVY,"['MEDIUM', 'HARD']"
2019,9,Williams,KUB,"['MEDIUM', 'HARD']"
2019,9,Williams,RUS,"['MEDIUM', 'HARD']"
2019,10,Alfa Romeo Racing,GIO,['MEDIUM']
2019,10,Alfa Romeo Racing,RAI,"['MEDIUM', 'HARD']"
2019,10,Ferrari,LEC,"['SOFT', 'MEDIUM', 'HARD']"
2019,10,Ferrari,VET,"['SOFT', 'HARD', 'MEDIUM']"
2019,10,Haas F1 Team,GRO,"['SOFT', 'HARD']"
2019,10,Haas F1 Team,MAG,"['SOFT', 'HARD']"
2019,10,McLaren,NOR,"['SOFT', 'MEDIUM', 'HARD']"
2019,10,McLaren,SAI,"['MEDIUM', 'HARD']"
2019,10,Mercedes,BOT,"['MEDIUM', 'MEDIUM', 'SOFT']"
2019,10,Mercedes,HAM,"['MEDIUM', 'HARD']"
2019,10,Racing Point,PER,"['MEDIUM', 'HARD', 'SOFT', 'SOFT']"
2019,10,Racing Point,STR,"['MEDIUM', 'HARD', 'SOFT']"
2019,10,Red Bull Racing,GAS,"['MEDIUM', 'HARD', 'MEDIUM']"
2019,10,Red Bull Racing,VER,"['MEDIUM', 'MEDIUM', 'HARD']"
2019,10,Renault,HUL,"['SOFT', 'HARD']"
2019,10,Renault,RIC,"['SOFT', 'MEDIUM', 'HARD']"
2019,10,Toro Rosso,ALB,"['SOFT', 'MEDIUM']"
2019,10,Toro Rosso,KVY,"['SOFT', 'MEDIUM', 'HARD']"
2019,10,Williams,KUB,"['MEDIUM', 'HARD']"
2019,10,Williams,RUS,"['MEDIUM', 'HARD']"
2019,11,Alfa Romeo Racing,GIO,"['WET', 'INTERMEDIATE', 'MEDIUM', 'INTERMEDIATE', 'SOFT']"
2019,11,Alfa Romeo Racing,RAI,"['WET', 'INTERMEDIATE', 'MEDIUM', 'INTERMEDIATE', 'SOFT']"
2019,11,Ferrari,LEC,"['WET', 'INTERMEDIATE', 'INTERMEDIATE']"
2019,11,Ferrari,VET,"['WET', 'INTERMEDIATE', 'SOFT', 'INTERMEDIATE', 'INTERMEDIATE', 'SOFT']"
2019,11,Haas F1 Team,GRO,"['WET', 'INTERMEDIATE', 'SOFT', 'INTERMEDIATE', 'INTERMEDIATE', 'SOFT']"
2019,11,Haas F1 Team,MAG,"['WET', 'INTERMEDIATE', 'SOFT', 'INTERMEDIATE', 'INTERMEDIATE', 'SOFT', 'SOFT']"
2019,11,McLaren,NOR,"['WET', 'INTERMEDIATE']"
2019,11,McLaren,SAI,"['WET', 'INTERMEDIATE', 'INTERMEDIATE', 'SOFT']"
2019,11,Mercedes,BOT,"['WET', 'INTERMEDIATE', 'MEDIUM', 'INTERMEDIATE', 'SOFT']"
2019,11,Mercedes,HAM,"['WET', 'INTERMEDIATE', 'SOFT', 'INTERMEDIATE', 'SOFT', 'SOFT', 'SOFT']"
2019,11,Racing Point,PER,['WET']
2019,11,Racing Point,STR,"['WET', 'INTERMEDIATE', 'MEDIUM', 'INTERMEDIATE', 'INTERMEDIATE', 'SOFT']"
2019,11,Red Bull Racing,GAS,"['WET', 'INTERMEDIATE', 'SOFT', 'INTERMEDIATE', 'SOFT']"
2019,11,Red Bull Racing,VER,"['WET', 'INTERMEDIATE', 'MEDIUM', 'INTERMEDIATE', 'INTERMEDIATE', 'SOFT']"
2019,11,Renault,HUL,"['WET', 'INTERMEDIATE', 'INTERMEDIATE', 'INTERMEDIATE']"
2019,11,Renault,RIC,"['WET', 'INTERMEDIATE']"
2019,11,Toro Rosso,ALB,"['WET', 'INTERMEDIATE', 'SOFT', 'INTERMEDIATE', 'SOFT']"
2019,11,Toro Rosso,KVY,"['WET', 'INTERMEDIATE', 'SOFT', 'INTERMEDIATE', 'SOFT']"
2019,11,Williams,KUB,"['WET', 'INTERMEDIATE', 'INTERMEDIATE', 'INTERMEDIATE', 'SOFT', 'SOFT']"
2019,11,Williams,RUS,"['WET', 'INTERMEDIATE', 'INTERMEDIATE', 'INTERMEDIATE', 'SOFT', 'SOFT']"
2019,12,Alfa Romeo Racing,GIO,"['MEDIUM', 'HARD']"
2019,12,Alfa Romeo Racing,RAI,"['SOFT', 'MEDIUM']"
2019,12,Ferrari,LEC,"['MEDIUM', 'HARD']"
2019,12,Ferrari,VET,"['MEDIUM', 'SOFT']"
2019,12,Haas F1 Team,GRO,"['SOFT', 'HARD']"
2019,12,Haas F1 Team,MAG,"['MEDIUM', 'SOFT']"
2019,12,McLaren,NOR,"['SOFT', 'HARD']"
2019,12,McLaren,SAI,"['SOFT', 'HARD']"
2019,12,Mercedes,BOT,"['MEDIUM', 'HARD', 'MEDIUM']"
2019,12,Mercedes,HAM,"['MEDIUM', 'HARD', 'HARD', 'MEDIUM']"
2019,12,Racing Point,PER,"['MEDIUM', 'HARD']"
2019,12,Racing Point,STR,"['MEDIUM', 'HARD', 'SOFT']"
2019,12,Red Bull Racing,GAS,"['MEDIUM', 'HARD']"
2019,12,Red Bull Racing,VER,"['MEDIUM', 'HARD', 'SOFT']"
2019,12,Renault,HUL,"['MEDIUM', 'SOFT']"
2019,12,Renault,RIC,"['HARD', 'SOFT']"
2019,12,Toro Rosso,ALB,"['MEDIUM', 'HARD']"
2019,12,Toro Rosso,KVY,"['MEDIUM', 'HARD']"
2019,12,Williams,KUB,"['MEDIUM', 'HARD']"
2019,12,Williams,RUS,"['MEDIUM', 'HARD']"
2019,13,Alfa Romeo Racing,GIO,"['MEDIUM', 'SOFT']"
2019,13,Alfa Romeo Racing,RAI,"['SOFT', 'MEDIUM', 'MEDIUM', 'SOFT']"
2019,13,Ferrari,LEC,"['SOFT', 'MEDIUM']"
2019,13,Ferrari,VET,"['SOFT', 'MEDIUM', 'SOFT']"
2019,13,Haas F1 Team,GRO,"['SOFT', 'MEDIUM']"
2019,13,Haas F1 Team,MAG,"['SOFT', 'MEDIUM']"
2019,13,McLaren,NOR,"['SOFT', 'MEDIUM']"
2019,13,McLaren,SAI,['SOFT']
2019,13,Mercedes,BOT,"['SOFT', 'MEDIUM']"
2019,13,Mercedes,HAM,"['SOFT', 'MEDIUM']"
2019,13,Racing Point,PER,"['SOFT', 'MEDIUM']"
2019,13,Racing Point,STR,"['SOFT', 'MEDIUM', 'SOFT']"
2019,13,Red Bull Racing,ALB,"['MEDIUM', 'SOFT']"
2019,13,Red Bull Racing,VER,['SOFT']
2019,13,Renault,HUL,"['SOFT', 'MEDIUM', 'SOFT']"
2019,13,Renault,RIC,"['SOFT', 'MEDIUM']"
2019,13,Toro Rosso,GAS,"['SOFT', 'MEDIUM']"
2019,13,Toro Rosso,KVY,"['MEDIUM', 'SOFT']"
2019,13,Williams,KUB,"['MEDIUM', 'SOFT']"
2019,13,Williams,RUS,"['MEDIUM', 'SOFT']"
2019,14,Alfa Romeo Racing,GIO,"['SOFT', 'MEDIUM']"
2019,14,Alfa Romeo Racing,RAI,"['MEDIUM', 'MEDIUM', 'SOFT']"
2019,14,Ferrari,LEC,"['SOFT', 'HARD']"
2019,14,Ferrari,VET,"['SOFT', 'HARD', 'HARD', 'MEDIUM']"
2019,14,Haas F1 Team,GRO,"['SOFT', 'MEDIUM', 'SOFT']"
2019,14,Haas F1 Team,MAG,"['SOFT', 'MEDIUM', 'SOFT']"
2019,14,McLaren,NOR,"['MEDIUM', 'HARD']"
2019,14,McLaren,SAI,['SOFT']
2019,14,Mercedes,BOT,"['SOFT', 'MEDIUM']"
2019,14,Mercedes,HAM,"['SOFT', 'MEDIUM', 'SOFT']"
2019,14,Racing Point,PER,"['MEDIUM', 'SOFT']"
2019,14,Racing Point,STR,"['SOFT', 'SOFT', 'MEDIUM']"
2019,14,Red Bull Racing,ALB,"['SOFT', 'MEDIUM']"
2019,14,Red Bull Racing,VER,"['MEDIUM', 'SOFT', 'MEDIUM']"
2019,14,Renault,HUL,"['SOFT', 'MEDIUM']"
2019,14,Renault,RIC,"['SOFT', 'MEDIUM']"
2019,14,Toro Rosso,GAS,"['MEDIUM', 'SOFT']"
2019,14,Toro Rosso,KVY,"['MEDIUM', 'SOFT', 'SOFT']"
2019,14,Williams,KUB,"['MEDIUM', 'SOFT', 'MEDIUM']"
2019,14,Williams,RUS,"['MEDIUM', 'HARD']"
2019,15,Alfa Romeo Racing,GIO,"['MEDIUM', 'HARD', 'SOFT']"
2019,15,Alfa Romeo Racing,RAI,"['MEDIUM', 'HARD']"
2019,15,Ferrari,LEC,"['SOFT', 'HARD']"
2019,15,Ferrari,VET,"['SOFT', 'HARD']"
2019,15,Haas F1 Team,GRO,"['MEDIUM', 'HARD', 'SOFT']"
2019,15,Haas F1 Team,MAG,"['MEDIUM', 'HARD', 'SOFT']"
2019,15,McLaren,NOR,"['SOFT', 'HARD']"
2019,15,McLaren,SAI,"['SOFT', 'HARD', 'MEDIUM']"
2019,15,Mercedes,BOT,"['SOFT', 'HARD']"
2019,15,Mercedes,HAM,"['SOFT', 'HARD']"
2019,15,Racing Point,PER,"['MEDIUM', 'HARD']"
2019,15,Racing Point,STR,"['MEDIUM', 'HARD', 'SOFT', 'SOFT']"
2019,15,Red Bull Racing,ALB,"['SOFT', 'HARD']"
2019,15,Red Bull Racing,VER,"['SOFT', 'HARD']"
2019,15,Renault,HUL,"['SOFT', 'HARD', 'MEDIUM']"
2019,15,Renault,RIC,"['MEDIUM', 'HARD']"
2019,15,Toro Rosso,GAS,"['HARD', 'MEDIUM']"
2019,15,Toro Rosso,KVY,"['MEDIUM', 'HARD', 'SOFT']"
2019,15,Williams,KUB,"['MEDIUM', 'HARD', 'MEDIUM']"
2019,15,Williams,RUS,"['MEDIUM', 'HARD']"
2019,16,Alfa Romeo Racing,GIO,"['SOFT', 'HARD', 'MEDIUM']"
2019,16,Alfa Romeo Racing,RAI,"['MEDIUM', 'MEDIUM', 'SOFT']"
2019,16,Ferrari,LEC,"['SOFT', 'MEDIUM', 'MEDIUM', 'SOFT']"
2019,16,Ferrari,VET,['SOFT']
2019,16,Haas F1 Team,GRO,['SOFT']
2019,16,Haas F1 Team,MAG,"['SOFT', 'MEDIUM']"
2019,16,McLaren,NOR,"['SOFT', 'MEDIUM']"
2019,16,McLaren,SAI,"['SOFT', 'MEDIUM']"
2019,16,Mercedes,BOT,"['MEDIUM', 'SOFT']"
2019,16,Mercedes,HAM,"['MEDIUM', 'SOFT']"
2019,16,Racing Point,PER,"['SOFT', 'MEDIUM']"
2019,16,Racing Point,STR,"['MEDIUM', 'SOFT']"
2019,16,Red Bull Racing,ALB,"['MEDIUM', 'SOFT']"
2019,16,Red Bull Racing,VER,"['SOFT', 'MEDIUM']"
2019,16,Renault,HUL,"['SOFT', 'MEDIUM', 'SOFT']"
2019,16,Renault,RIC,"['SOFT', 'HARD', 'MEDIUM']"
2019,16,Toro Rosso,GAS,"['MEDIUM', 'SOFT']"
2019,16,Toro Rosso,KVY,"['HARD', 'SOFT', 'SOFT']"
2019,16,Williams,KUB,"['MEDIUM', 'HARD', 'MEDIUM']"
2019,16,Williams,RUS,['MEDIUM']
2019,17,Alfa Romeo Racing,GIO,"['MEDIUM', 'HARD', 'SOFT']"
2019,17,Alfa Romeo Racing,RAI,"['MEDIUM', 'HARD', 'SOFT']"
2019,17,Ferrari,LEC,"['SOFT', 'MEDIUM', 'SOFT', 'SOFT']"
2019,17,Ferrari,VET,"['SOFT', 'SOFT', 'MEDIUM']"
2019,17,Haas F1 Team,GRO,"['SOFT', 'HARD']"
2019,17,Haas F1 Team,MAG,"['MEDIUM', 'HARD', 'SOFT']"
2019,17,McLaren,NOR,"['SOFT', 'MEDIUM', 'HARD']"
2019,17,McLaren,SAI,"['SOFT', 'MEDIUM']"
2019,17,Mercedes,BOT,"['SOFT', 'MEDIUM', 'SOFT']"
2019,17,Mercedes,HAM,"['SOFT', 'MEDIUM', 'SOFT']"
2019,17,Racing Point,PER,"['SOFT', 'MEDIUM', 'SOFT']"
2019,17,Racing Point,STR,"['SOFT', 'MEDIUM']"
2019,17,Red Bull Racing,ALB,"['SOFT', 'MEDIUM', 'SOFT']"
2019,17,Red Bull Racing,VER,['SOFT']
2019,17,Renault,HUL,"['SOFT', 'MEDIUM']"
2019,17,Renault,RIC,"['MEDIUM', 'SOFT']"
2019,17,Toro Rosso,GAS,"['SOFT', 'MEDIUM']"
2019,17,Toro Rosso,KVY,"['SOFT', 'MEDIUM']"
2019,17,Williams,KUB,"['MEDIUM', 'HARD', 'MEDIUM']"
2019,17,Williams,RUS,"['MEDIUM', 'HARD']"
2019,18,Alfa Romeo Racing,GIO,"['MEDIUM', 'HARD']"
2019,18,Alfa Romeo Racing,RAI,"['MEDIUM', 'HARD', 'MEDIUM']"
2019,18,Ferrari,LEC,"['MEDIUM', 'MEDIUM', 'HARD']"
2019,18,Ferrari,VET,"['MEDIUM', 'HARD']"
2019,18,Haas F1 Team,GRO,"['MEDIUM', 'HARD']"
2019,18,Haas F1 Team,MAG,"['MEDIUM', 'HARD']"
2019,18,McLaren,NOR,"['SOFT', 'HARD']"
2019,18,McLaren,SAI,"['SOFT', 'HARD', 'MEDIUM']"
2019,18,Mercedes,BOT,"['MEDIUM', 'HARD']"
2019,18,Mercedes,HAM,"['MEDIUM', 'HARD']"
2019,18,Racing Point,PER,"['MEDIUM', 'HARD']"
2019,18,Racing Point,STR,"['MEDIUM', 'HARD']"
2019,18,Red Bull Racing,ALB,"['MEDIUM', 'MEDIUM', 'HARD']"
2019,18,Red Bull Racing,VER,"['MEDIUM', 'HARD']"
2019,18,Renault,HUL,"['MEDIUM', 'HARD']"
2019,18,Renault,RIC,"['HARD', 'MEDIUM']"
2019,18,Toro Rosso,GAS,"['SOFT', 'HARD', 'MEDIUM']"
2019,18,Toro Rosso,KVY,"['SOFT', 'HARD', 'MEDIUM']"
2019,18,Williams,KUB,"['MEDIUM', 'HARD', 'MEDIUM']"
2019,18,Williams,RUS,"['MEDIUM', 'HARD']"
2019,19,Alfa Romeo Racing,GIO,"['MEDIUM', 'HARD', 'SOFT']"
2019,19,Alfa Romeo Racing,RAI,"['SOFT', 'HARD', 'SOFT']"
2019,19,Ferrari,LEC,"['MEDIUM', 'HARD', 'SOFT']"
2019,19,Ferrari,VET,['MEDIUM']
2019,19,Haas F1 Team,GRO,"['MEDIUM', 'HARD']"
2019,19,Haas F1 Team,MAG,"['MEDIUM', 'HARD', 'SOFT']"
2019,19,McLaren,NOR,"['SOFT', 'HARD', 'MEDIUM']"
2019,19,McLaren,SAI,"['SOFT', 'HARD']"
2019,19,Mercedes,BOT,"['MEDIUM', 'HARD', 'MEDIUM']"
2019,19,Mercedes,HAM,"['MEDIUM', 'HARD']"
2019,19,Racing Point,PER,"['MEDIUM', 'HARD']"
2019,19,Racing Point,STR,"['MEDIUM', 'HARD', 'SOFT']"
2019,19,Red Bull Racing,ALB,"['SOFT', 'MEDIUM', 'MEDIUM', 'SOFT']"
2019,19,Red Bull Racing,VER,"['MEDIUM', 'HARD', 'MEDIUM']"
2019,19,Renault,HUL,"['HARD', 'MEDIUM', 'SOFT']"
2019,19,Renault,RIC,"['SOFT', 'HARD']"
2019,19,Toro Rosso,GAS,"['SOFT', 'HARD', 'SOFT']"
2019,19,Toro Rosso,KVY,"['HARD', 'MEDIUM', 'SOFT']"
2019,19,Williams,KUB,"['MEDIUM', 'HARD']"
2019,19,Williams,RUS,"['MEDIUM', 'HARD', 'SOFT']"
2019,20,Alfa Romeo Racing,GIO,"['SOFT', 'MEDIUM', 'SOFT']"
2019,20,Alfa Romeo Racing,RAI,"['SOFT', 'MEDIUM', 'SOFT']"
2019,20,Ferrari,LEC,"['MEDIUM', 'HARD', 'SOFT']"
2019,20,Ferrari,VET,"['SOFT', 'MEDIUM', 'SOFT']"
2019,20,Haas F1 Team,GRO,"['SOFT', 'MEDIUM', 'SOFT']"
2019,20,Haas F1 Team,MAG,"['SOFT', 'MEDIUM', 'SOFT']"
2019,20,McLaren,NOR,"['SOFT', 'HARD', 'MEDIUM']"
2019,20,McLaren,SAI,"['SOFT', 'MEDIUM']"
2019,20,Mercedes,BOT,"['SOFT', 'HARD', 'MEDIUM']"
2019,20,Mercedes,HAM,"['SOFT', 'SOFT', 'MEDIUM', 'SOFT']"
2019,20,Racing Point,PER,"['SOFT', 'MEDIUM', 'SOFT']"
2019,20,Racing Point,STR,"['SOFT', 'MEDIUM', 'SOFT']"
2019,20,Red Bull Racing,ALB,"['SOFT', 'MEDIUM', 'SOFT']"
2019,20,Red Bull Racing,VER,"['SOFT', 'SOFT', 'MEDIUM', 'SOFT']"
2019,20,Renault,HUL,"['MEDIUM', 'HARD', 'SOFT', 'SOFT']"
2019,20,Renault,RIC,"['MEDIUM', 'SOFT', 'SOFT']"
2019,20,Toro Rosso,GAS,"['SOFT', 'MEDIUM', 'SOFT']"
2019,20,Toro Rosso,KVY,"['MEDIUM', 'HARD', 'SOFT', 'SOFT']"
2019,20,Williams,KUB,"['MEDIUM', 'MEDIUM', 'HARD', 'SOFT', 'SOFT']"
2019,20,Williams,RUS,"['MEDIUM', 'MEDIUM', 'SOFT', 'SOFT']"
2019,21,Alfa Romeo Racing,GIO,"['SOFT', 'HARD', 'MEDIUM']"
2019,21,Alfa Romeo Racing,RAI,"['MEDIUM', 'HARD']"
2019,21,Ferrari,LEC,"['MEDIUM', 'HARD', 'SOFT']"
2019,21,Ferrari,VET,"['SOFT', 'HARD', 'MEDIUM']"
2019,21,Haas F1 Team,GRO,"['MEDIUM', 'HARD']"
2019,21,Haas F1 Team,MAG,"['MEDIUM', 'HARD']"
2019,21,McLaren,NOR,"['SOFT', 'HARD']"
2019,21,McLaren,SAI,"['SOFT', 'HARD', 'MEDIUM']"
2019,21,Mercedes,BOT,"['MEDIUM', 'HARD']"
2019,21,Mercedes,HAM,"['MEDIUM', 'HARD']"
2019,21,Racing Point,PER,"['MEDIUM', 'HARD']"
2019,21,Racing Point,STR,"['MEDIUM', 'HARD', 'SOFT']"
2019,21,Red Bull Racing,ALB,"['MEDIUM', 'HARD']"
2019,21,Red Bull Racing,VER,"['MEDIUM', 'HARD']"
2019,21,Renault,HUL,"['SOFT', 'MEDIUM']"
2019,21,Renault,RIC,"['SOFT', 'HARD', 'SOFT']"
2019,21,Toro Rosso,GAS,"['MEDIUM', 'HARD']"
2019,21,Toro Rosso,KVY,"['HARD', 'MEDIUM']"
2019,21,Williams,KUB,"['HARD', 'MEDIUM']"
2019,21,Williams,RUS,"['HARD', 'MEDIUM']"
2020,1,Alfa Romeo Racing,GIO,"['MEDIUM', 'HARD', 'SOFT', 'SOFT']"
2020,1,Alfa Romeo Racing,RAI,"['MEDIUM', 'HARD', 'SOFT', 'UNKNOWN']"
2020,1,AlphaTauri,GAS,"['MEDIUM', 'HARD', 'HARD']"
2020,1,AlphaTauri,KVY,"['MEDIUM', 'HARD', 'SOFT', 'SOFT', 'UNKNOWN']"
2020,1,Ferrari,LEC,"['SOFT', 'HARD', 'MEDIUM', 'MEDIUM', 'UNKNOWN']"
2020,1,Ferrari,VET,"['MEDIUM', 'HARD', 'SOFT', 'SOFT', 'UNKNOWN']"
2020,1,Haas F1 Team,GRO,"['MEDIUM', 'HARD', 'UNKNOWN']"
2020,1,Haas F1 Team,MAG,['MEDIUM']
2020,1,McLaren,NOR,"['SOFT', 'HARD', 'MEDIUM', 'MEDIUM']"
2020,1,McLaren,SAI,"['SOFT', 'HARD', 'MEDIUM', 'MEDIUM']"
2020,1,Mercedes,BOT,"['SOFT', 'HARD', 'HARD']"
2020,1,Mercedes,HAM,"['SOFT', 'HARD', 'HARD']"
2020,1,Racing Point,PER,"['SOFT', 'MEDIUM', 'MEDIUM']"
2020,1,Racing Point,STR,['SOFT']
2020,1,Red Bull Racing,ALB,"['SOFT', 'HARD', 'SOFT', 'SOFT']"
2020,1,Red Bull Racing,VER,['MEDIUM']
2020,1,Renault,OCO,"['MEDIUM', 'HARD', 'HARD', 'UNKNOWN']"
2020,1,Renault,RIC,['SOFT']
2020,1,Williams,LAT,"['MEDIUM', 'HARD', 'MEDIUM', 'HARD', 'UNKNOWN', 'SOFT', 'UNKNOWN']"
2020,1,Williams,RUS,"['MEDIUM', 'HARD', 'UNKNOWN']"
2020,2,McLaren,SAI,"['SOFT', 'MEDIUM', 'SOFT']"
2020,3,Alfa Romeo Racing,GIO,"['INTERMEDIATE', 'SOFT', 'MEDIUM', 'HARD']"
2020,3,Alfa Romeo Racing,RAI,"['INTERMEDIATE', 'MEDIUM', 'HARD']"
2020,3,AlphaTauri,GAS,"['INTERMEDIATE', 'SOFT']"
2020,3,AlphaTauri,KVY,"['INTERMEDIATE', 'SOFT', 'HARD']"
2020,3,Ferrari,LEC,"['INTERMEDIATE', 'SOFT', 'HARD']"
2020,3,Ferrari,VET,"['INTERMEDIATE', 'MEDIUM', 'HARD']"
2020,3,Haas F1 Team,GRO,"['INTERMEDIATE', 'MEDIUM', 'HARD']"
2020,3,Haas F1 Team,MAG,"['MEDIUM', 'UNKNOWN', 'WET', 'HARD', 'UNKNOWN']"
2020,3,McLaren,NOR,"['INTERMEDIATE', 'MEDIUM', 'HARD']"
2020,3,McLaren,SAI,"['INTERMEDIATE', 'MEDIUM', 'HARD']"
2020,3,Mercedes,BOT,"['INTERMEDIATE', 'MEDIUM', 'MEDIUM', 'HARD']"
2020,3,Mercedes,HAM,"['INTERMEDIATE', 'MEDIUM', 'MEDIUM', 'SOFT']"
2020,3,Racing Point,PER,"['INTERMEDIATE', 'MEDIUM', 'HARD']"
2020,3,Racing Point,STR,"['INTERMEDIATE', 'MEDIUM', 'MEDIUM', 'HARD']"
2020,3,Red Bull Racing,ALB,"['INTERMEDIATE', 'MEDIUM', 'HARD']"
2020,3,Red Bull Racing,VER,"['INTERMEDIATE', 'MEDIUM', 'HARD']"
2020,3,Renault,RIC,"['INTERMEDIATE', 'MEDIUM', 'MEDIUM']"
2020,3,Williams,LAT,"['INTERMEDIATE', 'SOFT', 'MEDIUM', 'MEDIUM', 'UNKNOWN', 'SOFT', 'HARD']"
2020,3,Williams,RUS,"['INTERMEDIATE', 'SOFT', 'MEDIUM', 'MEDIUM']"
2020,4,Alfa Romeo Racing,GIO,"['MEDIUM', 'HARD']"
2020,4,Alfa Romeo Racing,RAI,"['MEDIUM', 'HARD', 'SOFT']"
2020,4,AlphaTauri,GAS,"['MEDIUM', 'HARD']"
2020,4,AlphaTauri,KVY,['MEDIUM']
2020,4,Ferrari,LEC,"['MEDIUM', 'HARD']"
2020,4,Ferrari,VET,"['SOFT', 'HARD']"
2020,4,Haas F1 Team,GRO,"['MEDIUM', 'HARD']"
2020,4,Haas F1 Team,MAG,['MEDIUM']
2020,4,McLaren,NOR,"['SOFT', 'HARD']"
2020,4,McLaren,SAI,"['SOFT', 'HARD', 'MEDIUM']"
2020,4,Mercedes,BOT,"['MEDIUM', 'HARD', 'SOFT']"
2020,4,Mercedes,HAM,"['MEDIUM', 'HARD']"
2020,4,Racing Point,HUL,['HARD']
2020,4,Racing Point,STR,"['MEDIUM', 'HARD']"
2020,4,Red Bull Racing,ALB,"['MEDIUM', 'HARD', 'MEDIUM']"
2020,4,Red Bull Racing,VER,"['MEDIUM', 'HARD', 'SOFT']"
2020,4,Renault,OCO,"['SOFT', 'HARD']"
2020,4,Renault,RIC,"['SOFT', 'HARD']"
2020,4,Williams,LAT,"['MEDIUM', 'HARD']"
2020,4,Williams,RUS,"['MEDIUM', 'HARD']"
2020,5,Alfa Romeo Racing,GIO,"['MEDIUM', 'HARD', 'MEDIUM']"
2020,5,Alfa Romeo Racing,RAI,"['HARD', 'MEDIUM']"
2020,5,AlphaTauri,GAS,"['MEDIUM', 'HARD', 'HARD']"
2020,5,AlphaTauri,KVY,"['HARD', 'HARD', 'UNKNOWN', 'MEDIUM', 'UNKNOWN']"
2020,5,Ferrari,LEC,"['MEDIUM', 'HARD']"
2020,5,Ferrari,VET,"['HARD', 'HARD', 'MEDIUM']"
2020,5,Haas F1 Team,GRO,"['MEDIUM', 'HARD', 'HARD']"
2020,5,Haas F1 Team,MAG,"['MEDIUM', 'HARD', 'HARD']"
2020,5,McLaren,NOR,"['MEDIUM', 'HARD', 'HARD']"
2020,5,McLaren,SAI,"['HARD', 'MEDIUM', 'HARD']"
2020,5,Mercedes,BOT,"['MEDIUM', 'HARD', 'HARD']"
2020,5,Mercedes,HAM,"['MEDIUM', 'HARD', 'HARD']"
2020,5,Racing Point,HUL,"['MEDIUM', 'HARD', 'HARD', 'SOFT']"
2020,5,Racing Point,STR,"['MEDIUM', 'HARD', 'HARD']"
2020,5,Red Bull Racing,ALB,"['MEDIUM', 'HARD', 'HARD']"
2020,5,Red Bull Racing,VER,"['HARD', 'MEDIUM', 'HARD']"
2020,5,Renault,OCO,"['MEDIUM', 'HARD']"
2020,5,Renault,RIC,"['MEDIUM', 'MEDIUM', 'HARD', 'MEDIUM']"
2020,5,Williams,LAT,"['MEDIUM', 'HARD', 'HARD', 'MEDIUM']"
2020,5,Williams,RUS,"['MEDIUM', 'HARD', 'HARD', 'MEDIUM']"
2020,6,Alfa Romeo Racing,GIO,"['MEDIUM', 'MEDIUM', 'SOFT']"
2020,6,Alfa Romeo Racing,RAI,"['MEDIUM', 'MEDIUM', 'SOFT']"
2020,6,AlphaTauri,GAS,"['SOFT', 'MEDIUM', 'MEDIUM']"
2020,6,AlphaTauri,KVY,"['SOFT', 'MEDIUM', 'MEDIUM']"
2020,6,Ferrari,LEC,"['SOFT', 'MEDIUM']"
2020,6,Ferrari,VET,"['MEDIUM', 'SOFT']"
2020,6,Haas F1 Team,GRO,"['MEDIUM', 'SOFT', 'SOFT']"
2020,6,Haas F1 Team,MAG,"['SOFT', 'MEDIUM']"
2020,6,McLaren,NOR,"['SOFT', 'SOFT', 'MEDIUM']"
2020,6,McLaren,SAI,"['SOFT', 'SOFT', 'MEDIUM']"
2020,6,Mercedes,BOT,"['SOFT', 'MEDIUM', 'SOFT', 'MEDIUM']"
2020,6,Mercedes,HAM,"['SOFT', 'MEDIUM', 'MEDIUM']"
2020,6,Racing Point,PER,"['SOFT', 'MEDIUM']"
2020,6,Racing Point,STR,"['SOFT', 'MEDIUM', 'SOFT']"
2020,6,Red Bull Racing,ALB,"['SOFT', 'HARD', 'MEDIUM']"
2020,6,Red Bull Racing,VER,"['SOFT', 'MEDIUM', 'MEDIUM']"
2020,6,Renault,OCO,"['MEDIUM', 'SOFT']"
2020,6,Renault,RIC,"['MEDIUM', 'SOFT']"
2020,6,Williams,LAT,"['MEDIUM', 'MEDIUM', 'UNKNOWN', 'SOFT']"
2020,6,Williams,RUS,"['SOFT', 'MEDIUM', 'MEDIUM']"
2020,7,Alfa Romeo Racing,GIO,['MEDIUM']
2020,7,Alfa Romeo Racing,RAI,"['MEDIUM', 'HARD']"
2020,7,AlphaTauri,GAS,"['HARD', 'MEDIUM']"
2020,7,AlphaTauri,KVY,"['MEDIUM', 'HARD']"
2020,7,Ferrari,LEC,"['SOFT', 'HARD', 'MEDIUM']"
2020,7,Ferrari,VET,"['MEDIUM', 'HARD']"
2020,7,Haas F1 Team,GRO,"['MEDIUM', 'HARD']"
2020,7,Haas F1 Team,MAG,"['MEDIUM', 'HARD', 'SOFT']"
2020,7,McLaren,NOR,"['SOFT', 'HARD']"
2020,7,McLaren,SAI,['SOFT']
2020,7,Mercedes,BOT,"['MEDIUM', 'HARD']"
2020,7,Mercedes,HAM,"['MEDIUM', 'HARD']"
2020,7,Racing Point,PER,"['SOFT', 'HARD']"
2020,7,Racing Point,STR,"['SOFT', 'HARD']"
2020,7,Red Bull Racing,ALB,"['SOFT', 'MEDIUM']"
2020,7,Red Bull Racing,VER,"['MEDIUM', 'HARD']"
2020,7,Renault,OCO,"['SOFT', 'HARD']"
2020,7,Renault,RIC,"['SOFT', 'HARD']"
2020,7,Williams,LAT,"['MEDIUM', 'HARD', 'MEDIUM']"
2020,7,Williams,RUS,['MEDIUM']
2020,8,Alfa Romeo Racing,GIO,"['MEDIUM', 'HARD', 'SOFT', 'SOFT']"
2020,8,Alfa Romeo Racing,RAI,"['MEDIUM', 'HARD', 'SOFT']"
2020,8,AlphaTauri,GAS,"['SOFT', 'HARD', 'MEDIUM']"
2020,8,AlphaTauri,KVY,"['HARD', 'MEDIUM', 'MEDIUM']"
2020,8,Ferrari,LEC,"['SOFT', 'HARD', 'HARD']"
2020,8,Ferrari,VET,['HARD']
2020,8,Haas F1 Team,GRO,"['MEDIUM', 'HARD', 'HARD']"
2020,8,Haas F1 Team,MAG,"['MEDIUM', 'HARD']"
2020,8,McLaren,NOR,"['SOFT', 'MEDIUM', 'MEDIUM']"
2020,8,McLaren,SAI,"['SOFT', 'MEDIUM', 'MEDIUM']"
2020,8,Mercedes,BOT,"['SOFT', 'MEDIUM', 'MEDIUM']"
2020,8,Mercedes,HAM,"['SOFT', 'MEDIUM', 'HARD', 'HARD']"
2020,8,Racing Point,PER,"['SOFT', 'MEDIUM', 'MEDIUM']"
2020,8,Racing Point,STR,"['SOFT', 'MEDIUM']"
2020,8,Red Bull Racing,ALB,"['SOFT', 'MEDIUM', 'HARD']"
2020,8,Red Bull Racing,VER,"['SOFT', 'MEDIUM', 'MEDIUM']"
2020,8,Renault,OCO,"['SOFT', 'MEDIUM', 'SOFT']"
2020,8,Renault,RIC,"['SOFT', 'MEDIUM', 'MEDIUM']"
2020,8,Williams,LAT,"['MEDIUM', 'HARD', 'MEDIUM']"
2020,8,Williams,RUS,"['MEDIUM', 'HARD', 'MEDIUM']"
2020,9,Alfa Romeo Racing,GIO,['SOFT']
2020,9,Alfa Romeo Racing,RAI,"['MEDIUM', 'MEDIUM', 'MEDIUM', 'MEDIUM', 'HARD', 'SOFT', 'SOFT']"
2020,9,AlphaTauri,GAS,['SOFT']
2020,9,AlphaTauri,KVY,"['MEDIUM', 'MEDIUM', 'SOFT', 'MEDIUM', 'SOFT', 'SOFT']"
2020,9,Ferrari,LEC,"['SOFT', 'SOFT', 'SOFT', 'HARD', 'MEDIUM', 'SOFT']"
2020,9,Ferrari,VET,"['SOFT', 'MEDIUM', 'MEDIUM', 'SOFT', 'HARD', 'SOFT', 'SOFT']"
2020,9,Haas F1 Team,GRO,"['MEDIUM', 'HARD', 'SOFT', 'HARD', 'SOFT', 'SOFT']"
2020,9,Haas F1 Team,MAG,['SOFT']
2020,9,McLaren,NOR,"['SOFT', 'SOFT', 'SOFT', 'MEDIUM', 'SOFT', 'SOFT']"
2020,9,McLaren,SAI,['SOFT']
2020,9,Mercedes,BOT,"['SOFT', 'SOFT', 'MEDIUM', 'HARD', 'MEDIUM', 'SOFT']"
2020,9,Mercedes,HAM,"['SOFT', 'SOFT', 'MEDIUM', 'HARD', 'MEDIUM', 'SOFT']"
2020,9,Racing Point,PER,"['SOFT', 'SOFT', 'SOFT', 'MEDIUM', 'SOFT', 'SOFT']"
2020,9,Racing Point,STR,"['SOFT', 'SOFT', 'SOFT', 'MEDIUM']"
2020,9,Red Bull Racing,ALB,"['SOFT', 'SOFT', 'SOFT', 'MEDIUM', 'SOFT', 'SOFT']"
2020,9,Red Bull Racing,VER,['SOFT']
2020,9,Renault,OCO,"['SOFT', 'SOFT']"
2020,9,Renault,RIC,"['SOFT', 'SOFT', 'SOFT', 'MEDIUM', 'SOFT', 'SOFT']"
2020,9,Williams,LAT,['MEDIUM']
2020,9,Williams,RUS,"['MEDIUM', 'MEDIUM', 'MEDIUM', 'HARD', 'SOFT', 'SOFT']"
2020,10,Alfa Romeo Racing,GIO,"['MEDIUM', 'HARD']"
2020,10,Alfa Romeo Racing,RAI,"['HARD', 'MEDIUM']"
2020,10,AlphaTauri,GAS,"['SOFT', 'HARD', 'MEDIUM']"
2020,10,AlphaTauri,KVY,"['HARD', 'MEDIUM']"
2020,10,Ferrari,LEC,"['MEDIUM', 'HARD']"
2020,10,Ferrari,VET,"['MEDIUM', 'HARD']"
2020,10,Haas F1 Team,GRO,"['MEDIUM', 'HARD', 'MEDIUM']"
2020,10,Haas F1 Team,MAG,"['MEDIUM', 'HARD']"
2020,10,McLaren,NOR,"['SOFT', 'HARD', 'MEDIUM']"
2020,10,McLaren,SAI,['SOFT']
2020,10,Mercedes,BOT,"['MEDIUM', 'HARD']"
2020,10,Mercedes,HAM,"['SOFT', 'HARD']"
2020,10,Racing Point,PER,"['SOFT', 'HARD']"
2020,10,Racing Point,STR,['MEDIUM']
2020,10,Red Bull Racing,ALB,"['SOFT', 'HARD', 'MEDIUM']"
2020,10,Red Bull Racing,VER,"['MEDIUM', 'HARD']"
2020,10,Renault,OCO,"['SOFT', 'HARD']"
2020,10,Renault,RIC,"['SOFT', 'HARD']"
2020,10,Williams,LAT,"['MEDIUM', 'HARD']"
2020,10,Williams,RUS,"['MEDIUM', 'HARD', 'MEDIUM', 'SOFT']"
2020,11,Alfa Romeo Racing,GIO,"['SOFT', 'MEDIUM', 'MEDIUM']"
2020,11,Alfa Romeo Racing,RAI,"['SOFT', 'MEDIUM', 'SOFT']"
2020,11,AlphaTauri,GAS,"['MEDIUM', 'HARD', 'SOFT']"
2020,11,AlphaTauri,KVY,"['MEDIUM', 'HARD', 'SOFT']"
2020,11,Ferrari,LEC,"['SOFT', 'MEDIUM', 'MEDIUM']"
2020,11,Ferrari,VET,"['MEDIUM', 'HARD', 'SOFT']"
2020,11,Haas F1 Team,GRO,"['MEDIUM', 'HARD']"
2020,11,Haas F1 Team,MAG,"['SOFT', 'MEDIUM', 'MEDIUM']"
2020,11,McLaren,NOR,"['SOFT', 'MEDIUM']"
2020,11,McLaren,SAI,"['SOFT', 'MEDIUM', 'SOFT']"
2020,11,Mercedes,BOT,"['SOFT', 'MEDIUM']"
2020,11,Mercedes,HAM,"['SOFT', 'MEDIUM', 'SOFT']"
2020,11,Racing Point,HUL,"['SOFT', 'MEDIUM', 'SOFT']"
2020,11,Racing Point,PER,"['SOFT', 'MEDIUM', 'SOFT']"
2020,11,Red Bull Racing,ALB,"['SOFT', 'MEDIUM']"
2020,11,Red Bull Racing,VER,"['SOFT', 'MEDIUM', 'UNKNOWN', 'SOFT']"
2020,11,Renault,OCO,['SOFT']
2020,11,Renault,RIC,"['SOFT', 'MEDIUM', 'SOFT']"
2020,11,Williams,LAT,"['SOFT', 'MEDIUM', 'MEDIUM']"
2020,11,Williams,RUS,"['SOFT', 'MEDIUM']"
2020,12,Alfa Romeo Racing,GIO,"['MEDIUM', 'HARD']"
2020,12,Alfa Romeo Racing,RAI,"['SOFT', 'MEDIUM']"
2020,12,AlphaTauri,GAS,"['SOFT', 'MEDIUM']"
2020,12,AlphaTauri,KVY,"['MEDIUM', 'HARD', 'SOFT']"
2020,12,Ferrari,LEC,"['MEDIUM', 'HARD']"
2020,12,Ferrari,VET,"['MEDIUM', 'HARD']"
2020,12,Haas F1 Team,GRO,"['MEDIUM', 'HARD']"
2020,12,Haas F1 Team,MAG,"['HARD', 'MEDIUM']"
2020,12,McLaren,NOR,"['SOFT', 'HARD', 'MEDIUM']"
2020,12,McLaren,SAI,"['SOFT', 'MEDIUM']"
2020,12,Mercedes,BOT,"['MEDIUM', 'HARD']"
2020,12,Mercedes,HAM,"['MEDIUM', 'HARD']"
2020,12,Racing Point,PER,"['SOFT', 'MEDIUM', 'SOFT']"
2020,12,Racing Point,STR,"['MEDIUM', 'HARD', 'SOFT']"
2020,12,Red Bull Racing,ALB,"['SOFT', 'MEDIUM', 'SOFT']"
2020,12,Red Bull Racing,VER,"['SOFT', 'MEDIUM']"
2020,12,Renault,OCO,"['MEDIUM', 'SOFT']"
2020,12,Renault,RIC,"['SOFT', 'MEDIUM']"
2020,12,Williams,LAT,"['MEDIUM', 'HARD']"
2020,12,Williams,RUS,"['MEDIUM', 'HARD']"
2020,13,Alfa Romeo Racing,GIO,"['SOFT', 'MEDIUM']"
2020,13,Alfa Romeo Racing,RAI,"['MEDIUM', 'SOFT']"
2020,13,AlphaTauri,GAS,['SOFT']
2020,13,AlphaTauri,KVY,"['SOFT', 'HARD', 'SOFT']"
2020,13,Ferrari,LEC,"['SOFT', 'HARD']"
2020,13,Ferrari,VET,"['MEDIUM', 'HARD', 'SOFT']"
2020,13,Haas F1 Team,GRO,"['MEDIUM', 'HARD', 'SOFT']"
2020,13,Haas F1 Team,MAG,"['MEDIUM', 'HARD']"
2020,13,McLaren,NOR,"['SOFT', 'MEDIUM', 'SOFT']"
2020,13,McLaren,SAI,"['SOFT', 'MEDIUM', 'SOFT']"
2020,13,Mercedes,BOT,"['MEDIUM', 'HARD', 'SOFT']"
2020,13,Mercedes,HAM,"['MEDIUM', 'HARD', 'SOFT']"
2020,13,Racing Point,PER,"['MEDIUM', 'HARD', 'SOFT']"
2020,13,Racing Point,STR,"['MEDIUM', 'HARD', 'MEDIUM', 'SOFT']"
2020,13,Red Bull Racing,ALB,"['SOFT', 'HARD', 'SOFT']"
2020,13,Red Bull Racing,VER,"['MEDIUM', 'HARD']"
2020,13,Renault,OCO,"['MEDIUM', 'HARD']"
2020,13,Renault,RIC,"['SOFT', 'HARD']"
2020,13,Williams,LAT,"['MEDIUM', 'HARD']"
2020,13,Williams,RUS,"['MEDIUM', 'HARD']"
2020,14,Alfa Romeo Racing,GIO,"['WET', 'INTERMEDIATE']"
2020,14,Alfa Romeo Racing,RAI,"['WET', 'INTERMEDIATE', 'INTERMEDIATE', 'INTERMEDIATE']"
2020,14,AlphaTauri,GAS,"['WET', 'INTERMEDIATE', 'INTERMEDIATE']"
2020,14,AlphaTauri,KVY,"['WET', 'INTERMEDIATE']"
2020,14,Ferrari,LEC,"['WET', 'INTERMEDIATE', 'INTERMEDIATE']"
2020,14,Ferrari,VET,"['WET', 'INTERMEDIATE', 'INTERMEDIATE']"
2020,14,Haas F1 Team,GRO,"['WET', 'INTERMEDIATE', 'INTERMEDIATE']"
2020,14,Haas F1 Team,MAG,"['WET', 'INTERMEDIATE', 'INTERMEDIATE']"
2020,14,McLaren,NOR,"['WET', 'INTERMEDIATE', 'INTERMEDIATE']"
2020,14,McLaren,SAI,"['WET', 'INTERMEDIATE', 'INTERMEDIATE']"
2020,14,Mercedes,BOT,"['WET', 'INTERMEDIATE', 'INTERMEDIATE']"
2020,14,Mercedes,HAM,"['WET', 'INTERMEDIATE']"
2020,14,Racing Point,PER,"['WET', 'INTERMEDIATE']"
2020,14,Racing Point,STR,"['WET', 'INTERMEDIATE', 'INTERMEDIATE']"
2020,14,Red Bull Racing,ALB,"['WET', 'INTERMEDIATE', 'INTERMEDIATE']"
2020,14,Red Bull Racing,VER,"['WET', 'INTERMEDIATE', 'INTERMEDIATE', 'INTERMEDIATE']"
2020,14,Renault,OCO,"['WET', 'WET', 'INTERMEDIATE']"
2020,14,Renault,RIC,"['WET', 'INTERMEDIATE', 'INTERMEDIATE']"
2020,14,Williams,LAT,"['INTERMEDIATE', 'INTERMEDIATE', 'INTERMEDIATE']"
2020,14,Williams,RUS,"['INTERMEDIATE', 'INTERMEDIATE', 'INTERMEDIATE']"
2020,15,Alfa Romeo Racing,GIO,"['MEDIUM', 'MEDIUM', 'HARD', 'SOFT']"
2020,15,Alfa Romeo Racing,RAI,"['MEDIUM', 'MEDIUM', 'HARD', 'MEDIUM']"
2020,15,AlphaTauri,GAS,"['MEDIUM', 'HARD', 'HARD']"
2020,15,AlphaTauri,KVY,"['MEDIUM', 'SOFT', 'HARD', 'HARD']"
2020,15,Ferrari,LEC,"['HARD', 'MEDIUM', 'HARD', 'HARD']"
2020,15,Ferrari,VET,"['MEDIUM', 'HARD', 'MEDIUM', 'HARD']"
2020,15,Haas F1 Team,GRO,['HARD']
2020,15,Haas F1 Team,MAG,"['MEDIUM', 'HARD', 'HARD', 'HARD', 'SOFT']"
2020,15,McLaren,NOR,"['MEDIUM', 'MEDIUM', 'MEDIUM', 'HARD']"
2020,15,McLaren,SAI,"['SOFT', 'SOFT', 'MEDIUM', 'HARD']"
2020,15,Mercedes,BOT,"['MEDIUM', 'MEDIUM', 'HARD', 'MEDIUM', 'MEDIUM']"
2020,15,Mercedes,HAM,"['MEDIUM', 'MEDIUM', 'MEDIUM', 'HARD']"
2020,15,Racing Point,PER,"['MEDIUM', 'MEDIUM', 'HARD', 'HARD']"
2020,15,Racing Point,STR,"['MEDIUM', 'MEDIUM']"
2020,15,Red Bull Racing,ALB,"['MEDIUM', 'MEDIUM', 'HARD', 'MEDIUM', 'HARD']"
2020,15,Red Bull Racing,VER,"['MEDIUM', 'MEDIUM', 'HARD', 'HARD', 'MEDIUM']"
2020,15,Renault,OCO,"['MEDIUM', 'MEDIUM', 'MEDIUM', 'HARD']"
2020,15,Renault,RIC,"['MEDIUM', 'MEDIUM', 'HARD', 'HARD', 'UNKNOWN']"
2020,15,Williams,LAT,"['HARD', 'MEDIUM', 'MEDIUM', 'HARD']"
2020,15,Williams,RUS,"['MEDIUM', 'MEDIUM', 'HARD', 'MEDIUM']"
2020,16,Alfa Romeo Racing,GIO,"['MEDIUM', 'HARD', 'MEDIUM']"
2020,16,Alfa Romeo Racing,RAI,"['MEDIUM', 'HARD', 'MEDIUM', 'SOFT']"
2020,16,AlphaTauri,GAS,"['SOFT', 'MEDIUM', 'HARD']"
2020,16,AlphaTauri,KVY,"['SOFT', 'MEDIUM', 'HARD']"
2020,16,Ferrari,LEC,['SOFT']
2020,16,Ferrari,VET,"['MEDIUM', 'HARD', 'SOFT', 'SOFT']"
2020,16,Haas F1 Team,FIT,"['SOFT', 'MEDIUM', 'SOFT', 'SOFT']"
2020,16,Haas F1 Team,MAG,"['SOFT', 'MEDIUM', 'SOFT']"
2020,16,McLaren,NOR,"['SOFT', 'MEDIUM', 'MEDIUM']"
2020,16,McLaren,SAI,"['SOFT', 'MEDIUM', 'MEDIUM']"
2020,16,Mercedes,BOT,"['MEDIUM', 'HARD', 'HARD']"
2020,16,Mercedes,RUS,"['MEDIUM', 'HARD', 'MEDIUM', 'MEDIUM', 'SOFT']"
2020,16,Racing Point,PER,"['SOFT', 'MEDIUM', 'HARD', 'UNKNOWN']"
2020,16,Racing Point,STR,"['SOFT', 'MEDIUM']"
2020,16,Red Bull Racing,ALB,"['MEDIUM', 'HARD', 'SOFT']"
2020,16,Red Bull Racing,VER,['SOFT']
2020,16,Renault,OCO,"['MEDIUM', 'HARD']"
2020,16,Renault,RIC,"['SOFT', 'MEDIUM', 'HARD']"
2020,16,Williams,AIT,"['MEDIUM', 'HARD', 'MEDIUM', 'SOFT']"
2020,16,Williams,LAT,"['SOFT', 'MEDIUM']"
2020,17,Alfa Romeo Racing,GIO,"['MEDIUM', 'HARD']"
2020,17,Alfa Romeo Racing,RAI,"['MEDIUM', 'HARD', 'MEDIUM']"
2020,17,AlphaTauri,GAS,"['SOFT', 'HARD']"
2020,17,AlphaTauri,KVY,"['SOFT', 'HARD']"
2020,17,Ferrari,LEC,"['MEDIUM', 'HARD']"
2020,17,Ferrari,VET,"['HARD', 'MEDIUM']"
2020,17,Haas F1 Team,FIT,"['MEDIUM', 'HARD', 'MEDIUM', 'SOFT']"
2020,17,Haas F1 Team,MAG,"['HARD', 'MEDIUM', 'MEDIUM']"
2020,17,McLaren,NOR,"['SOFT', 'HARD']"
2020,17,McLaren,SAI,"['MEDIUM', 'HARD']"
2020,17,Mercedes,BOT,"['MEDIUM', 'HARD']"
2020,17,Mercedes,HAM,"['MEDIUM', 'HARD']"
2020,17,Racing Point,PER,['HARD']
2020,17,Racing Point,STR,"['SOFT', 'HARD']"
2020,17,Red Bull Racing,ALB,"['SOFT', 'HARD']"
2020,17,Red Bull Racing,VER,"['MEDIUM', 'HARD']"
2020,17,Renault,OCO,"['MEDIUM', 'HARD']"
2020,17,Renault,RIC,"['HARD', 'MEDIUM']"
2020,17,Williams,LAT,"['MEDIUM', 'HARD', 'MEDIUM']"
2020,17,Williams,RUS,"['MEDIUM', 'HARD']"
2021,1,Alfa Romeo Racing,GIO,"['MEDIUM', 'HARD', 'MEDIUM']"
2021,1,Alfa Romeo Racing,RAI,"['MEDIUM', 'HARD', 'MEDIUM']"
2021,1,AlphaTauri,GAS,"['MEDIUM', 'HARD', 'MEDIUM', 'HARD']"
2021,1,AlphaTauri,TSU,"['MEDIUM', 'HARD', 'HARD']"
2021,1,Alpine,ALO,"['SOFT', 'MEDIUM', 'HARD']"
2021,1,Alpine,OCO,"['SOFT', 'MEDIUM', 'HARD']"
2021,1,Aston Martin,STR,"['SOFT', 'MEDIUM', 'HARD', 'UNKNOWN']"
2021,1,Aston Martin,VET,"['MEDIUM', 'HARD']"
2021,1,Ferrari,LEC,"['SOFT', 'MEDIUM', 'HARD']"
2021,1,Ferrari,SAI,"['SOFT', 'MEDIUM', 'HARD']"
2021,1,Haas F1 Team,MAZ,['MEDIUM']
2021,1,Haas F1 Team,MSC,"['MEDIUM', 'MEDIUM', 'HARD']"
2021,1,McLaren,NOR,"['SOFT', 'MEDIUM', 'HARD']"
2021,1,McLaren,RIC,"['SOFT', 'MEDIUM', 'HARD']"
2021,1,Mercedes,BOT,"['MEDIUM', 'HARD', 'HARD', 'MEDIUM']"
2021,1,Mercedes,HAM,"['MEDIUM', 'HARD', 'HARD']"
2021,1,Red Bull Racing,PER,"['MEDIUM', 'MEDIUM', 'HARD', 'MEDIUM']"
2021,1,Red Bull Racing,VER,"['MEDIUM', 'MEDIUM', 'HARD']"
2021,1,Williams,LAT,"['SOFT', 'MEDIUM', 'MEDIUM']"
2021,1,Williams,RUS,"['SOFT', 'MEDIUM', 'MEDIUM']"
2021,2,Alfa Romeo Racing,GIO,"['INTERMEDIATE', 'MEDIUM', 'MEDIUM', 'MEDIUM', 'UNKNOWN', 'MEDIUM']"
2021,2,Alfa Romeo Racing,RAI,"['INTERMEDIATE', 'MEDIUM', 'MEDIUM', 'MEDIUM', 'UNKNOWN']"
2021,2,AlphaTauri,GAS,"['WET', 'INTERMEDIATE', 'MEDIUM', 'MEDIUM', 'MEDIUM']"
2021,2,AlphaTauri,TSU,"['INTERMEDIATE', 'MEDIUM', 'SOFT', 'SOFT']"
2021,2,Alpine,ALO,"['INTERMEDIATE', 'MEDIUM', 'MEDIUM', 'MEDIUM']"
2021,2,Alpine,OCO,"['WET', 'INTERMEDIATE', 'MEDIUM', 'SOFT', 'MEDIUM', 'MEDIUM']"
2021,2,Aston Martin,STR,"['INTERMEDIATE', 'MEDIUM', 'MEDIUM', 'MEDIUM', 'UNKNOWN']"
2021,2,Aston Martin,VET,"['INTERMEDIATE', 'INTERMEDIATE', 'MEDIUM', 'MEDIUM', 'SOFT', 'SOFT', 'UNKNOWN']"
2021,2,Ferrari,LEC,"['INTERMEDIATE', 'MEDIUM', 'MEDIUM']"
2021,2,Ferrari,SAI,"['INTERMEDIATE', 'MEDIUM', 'MEDIUM']"
2021,2,Haas F1 Team,MAZ,"['WET', 'INTERMEDIATE', 'SOFT', 'MEDIUM', 'MEDIUM', 'UNKNOWN']"
2021,2,Haas F1 Team,MSC,"['WET', 'INTERMEDIATE', 'SOFT', 'MEDIUM', 'MEDIUM', 'UNKNOWN']"
2021,2,McLaren,NOR,"['INTERMEDIATE', 'MEDIUM', 'SOFT']"
2021,2,McLaren,RIC,"['INTERMEDIATE', 'MEDIUM', 'SOFT']"
2021,2,Mercedes,BOT,"['INTERMEDIATE', 'MEDIUM']"
2021,2,Mercedes,HAM,"['INTERMEDIATE', 'MEDIUM', 'MEDIUM', 'MEDIUM', 'MEDIUM']"
2021,2,Red Bull Racing,PER,"['INTERMEDIATE', 'MEDIUM', 'SOFT']"
2021,2,Red Bull Racing,VER,"['INTERMEDIATE', 'MEDIUM', 'MEDIUM']"
2021,2,Williams,LAT,['INTERMEDIATE']
2021,2,Williams,RUS,"['INTERMEDIATE', 'MEDIUM']"
2021,3,Alfa Romeo Racing,GIO,"['MEDIUM', 'MEDIUM', 'MEDIUM', 'HARD']"
2021,3,Alfa Romeo Racing,RAI,['SOFT']
2021,3,AlphaTauri,GAS,"['SOFT', 'SOFT', 'SOFT', 'MEDIUM']"
2021,3,AlphaTauri,TSU,"['MEDIUM', 'MEDIUM', 'MEDIUM', 'HARD']"
2021,3,Alpine,ALO,"['MEDIUM', 'MEDIUM', 'MEDIUM', 'HARD']"
2021,3,Alpine,OCO,"['SOFT', 'SOFT', 'SOFT', 'HARD']"
2021,3,Aston Martin,STR,"['SOFT', 'SOFT', 'SOFT', 'MEDIUM']"
2021,3,Aston Martin,VET,"['SOFT', 'SOFT', 'SOFT', 'MEDIUM']"
2021,3,Ferrari,LEC,"['MEDIUM', 'MEDIUM', 'MEDIUM', 'HARD']"
2021,3,Ferrari,SAI,"['SOFT', 'SOFT', 'SOFT', 'MEDIUM']"
2021,3,Haas F1 Team,MAZ,"['MEDIUM', 'MEDIUM', 'MEDIUM', 'HARD', 'SOFT']"
2021,3,Haas F1 Team,MSC,"['MEDIUM', 'MEDIUM', 'MEDIUM', 'HARD']"
2021,3,McLaren,NOR,"['SOFT', 'SOFT', 'SOFT', 'MEDIUM']"
2021,3,McLaren,RIC,"['MEDIUM', 'MEDIUM', 'MEDIUM', 'HARD']"
2021,3,Mercedes,BOT,"['MEDIUM', 'MEDIUM', 'MEDIUM', 'HARD', 'SOFT']"
2021,3,Mercedes,HAM,"['MEDIUM', 'MEDIUM', 'MEDIUM', 'HARD']"
2021,3,Red Bull Racing,PER,"['MEDIUM', 'MEDIUM', 'MEDIUM', 'SOFT']"
2021,3,Red Bull Racing,VER,"['MEDIUM', 'MEDIUM', 'MEDIUM', 'HARD', 'SOFT']"
2021,3,Williams,LAT,"['MEDIUM', 'MEDIUM', 'MEDIUM', 'HARD']"
2021,3,Williams,RUS,"['MEDIUM', 'MEDIUM', 'MEDIUM', 'HARD']"
2021,4,Alfa Romeo Racing,GIO,"['SOFT', 'MEDIUM', 'SOFT']"
2021,4,Alfa Romeo Racing,RAI,"['MEDIUM', 'SOFT']"
2021,4,AlphaTauri,GAS,"['SOFT', 'MEDIUM', 'SOFT']"
2021,4,AlphaTauri,TSU,['SOFT']
2021,4,Alpine,ALO,"['SOFT', 'MEDIUM', 'SOFT']"
2021,4,Alpine,OCO,"['SOFT', 'MEDIUM']"
2021,4,Aston Martin,STR,"['SOFT', 'MEDIUM', 'SOFT']"
2021,4,Aston Martin,VET,"['SOFT', 'MEDIUM', 'SOFT']"
2021,4,Ferrari,LEC,"['SOFT', 'MEDIUM', 'SOFT']"
2021,4,Ferrari,SAI,"['SOFT', 'MEDIUM', 'SOFT']"
2021,4,Haas F1 Team,MAZ,"['SOFT', 'MEDIUM', 'MEDIUM']"
2021,4,Haas F1 Team,MSC,"['SOFT', 'MEDIUM', 'MEDIUM']"
2021,4,McLaren,NOR,"['SOFT', 'MEDIUM', 'SOFT']"
2021,4,McLaren,RIC,"['SOFT', 'MEDIUM', 'SOFT']"
2021,4,Mercedes,BOT,"['SOFT', 'MEDIUM', 'SOFT']"
2021,4,Mercedes,HAM,"['SOFT', 'MEDIUM', 'MEDIUM']"
2021,4,Red Bull Racing,PER,"['SOFT', 'MEDIUM', 'SOFT']"
2021,4,Red Bull Racing,VER,"['SOFT', 'MEDIUM', 'SOFT']"
2021,4,Williams,LAT,"['SOFT', 'MEDIUM', 'MEDIUM', 'SOFT']"
2021,4,Williams,RUS,"['SOFT', 'MEDIUM', 'MEDIUM']"
2021,5,Alfa Romeo Racing,GIO,"['SOFT', 'HARD']"
2021,5,Alfa Romeo Racing,RAI,"['MEDIUM', 'HARD']"
2021,5,AlphaTauri,GAS,"['SOFT', 'HARD']"
2021,5,AlphaTauri,TSU,"['HARD', 'SOFT']"
2021,5,Alpine,ALO,"['MEDIUM', 'SOFT']"
2021,5,Alpine,OCO,"['SOFT', 'MEDIUM']"
2021,5,Aston Martin,STR,"['HARD', 'SOFT']"
2021,5,Aston Martin,VET,"['SOFT', 'HARD']"
2021,5,Ferrari,LEC,['SOFT']
2021,5,Ferrari,SAI,"['SOFT', 'HARD']"
2021,5,Haas F1 Team,MAZ,"['SOFT', 'HARD']"
2021,5,Haas F1 Team,MSC,"['SOFT', 'HARD']"
2021,5,McLaren,NOR,"['SOFT', 'HARD']"
2021,5,McLaren,RIC,"['MEDIUM', 'HARD']"
2021,5,Mercedes,BOT,['SOFT']
2021,5,Mercedes,HAM,"['SOFT', 'HARD', 'SOFT']"
2021,5,Red Bull Racing,PER,"['SOFT', 'HARD']"
2021,5,Red Bull Racing,VER,"['SOFT', 'HARD', 'SOFT']"
2021,5,Williams,LAT,"['MEDIUM', 'HARD']"
2021,5,Williams,RUS,"['MEDIUM', 'HARD']"
2021,6,Alfa Romeo Racing,GIO,"['SOFT', 'HARD', 'HARD', 'HARD', 'SOFT']"
2021,6,Alfa Romeo Racing,RAI,"['MEDIUM', 'HARD', 'HARD', 'SOFT']"
2021,6,AlphaTauri,GAS,"['SOFT', 'HARD', 'HARD', 'SOFT']"
2021,6,AlphaTauri,TSU,"['SOFT', 'HARD', 'HARD', 'SOFT']"
2021,6,Alpine,ALO,"['SOFT', 'HARD', 'SOFT', 'SOFT', 'SOFT']"
2021,6,Alpine,OCO,['SOFT']
2021,6,Aston Martin,STR,['HARD']
2021,6,Aston Martin,VET,"['SOFT', 'HARD', 'HARD', 'SOFT']"
2021,6,Ferrari,LEC,"['SOFT', 'HARD', 'SOFT', 'UNKNOWN', 'SOFT']"
2021,6,Ferrari,SAI,"['SOFT', 'HARD', 'UNKNOWN', 'SOFT']"
2021,6,Haas F1 Team,MAZ,"['SOFT', 'HARD', 'SOFT', 'SOFT', 'SOFT', 'SOFT', 'SOFT']"
2021,6,Haas F1 Team,MSC,"['SOFT', 'HARD', 'SOFT', 'SOFT', 'SOFT', 'SOFT']"
2021,6,McLaren,NOR,"['SOFT', 'HARD', 'HARD', 'SOFT']"
2021,6,McLaren,RIC,"['SOFT', 'HARD', 'HARD', 'SOFT']"
2021,6,Mercedes,BOT,"['SOFT', 'HARD', 'SOFT', 'SOFT']"
2021,6,Mercedes,HAM,"['SOFT', 'HARD', 'HARD', 'SOFT']"
2021,6,Red Bull Racing,PER,"['SOFT', 'HARD', 'SOFT', 'SOFT']"
2021,6,Red Bull Racing,VER,"['SOFT', 'HARD']"
2021,6,Williams,LAT,"['MEDIUM', 'HARD', 'SOFT']"
2021,6,Williams,RUS,"['MEDIUM', 'HARD', 'HARD', 'SOFT']"
2021,7,Alfa Romeo Racing,GIO,"['HARD', 'MEDIUM']"
2021,7,Alfa Romeo Racing,RAI,"['HARD', 'MEDIUM']"
2021,7,AlphaTauri,GAS,"['MEDIUM', 'HARD']"
2021,7,AlphaTauri,TSU,"['MEDIUM', 'HARD']"
2021,7,Alpine,ALO,"['MEDIUM', 'HARD']"
2021,7,Alpine,OCO,"['HARD', 'MEDIUM']"
2021,7,Aston Martin,STR,"['HARD', 'MEDIUM']"
2021,7,Aston Martin,VET,"['HARD', 'MEDIUM']"
2021,7,Ferrari,LEC,"['MEDIUM', 'HARD', 'MEDIUM']"
2021,7,Ferrari,SAI,"['MEDIUM', 'HARD']"
2021,7,Haas F1 Team,MAZ,"['HARD', 'MEDIUM']"
2021,7,Haas F1 Team,MSC,"['MEDIUM', 'HARD']"
2021,7,McLaren,NOR,"['MEDIUM', 'HARD']"
2021,7,McLaren,RIC,"['MEDIUM', 'HARD']"
2021,7,Mercedes,BOT,"['MEDIUM', 'HARD']"
2021,7,Mercedes,HAM,"['MEDIUM', 'HARD']"
2021,7,Red Bull Racing,PER,"['MEDIUM', 'HARD']"
2021,7,Red Bull Racing,VER,"['MEDIUM', 'HARD', 'MEDIUM']"
2021,7,Williams,LAT,"['MEDIUM', 'HARD']"
2021,7,Williams,RUS,"['MEDIUM', 'HARD']"
2021,8,Alfa Romeo Racing,GIO,"['MEDIUM', 'HARD']"
2021,8,Alfa Romeo Racing,RAI,"['HARD', 'MEDIUM']"
2021,8,AlphaTauri,GAS,['SOFT']
2021,8,AlphaTauri,TSU,"['SOFT', 'HARD']"
2021,8,Alpine,ALO,"['SOFT', 'HARD']"
2021,8,Alpine,OCO,"['MEDIUM', 'HARD']"
2021,8,Aston Martin,STR,"['SOFT', 'HARD']"
2021,8,Aston Martin,VET,"['MEDIUM', 'HARD']"
2021,8,Ferrari,LEC,"['SOFT', 'HARD', 'MEDIUM', 'MEDIUM']"
2021,8,Ferrari,SAI,"['MEDIUM', 'HARD']"
2021,8,Haas F1 Team,MAZ,"['MEDIUM', 'HARD']"
2021,8,Haas F1 Team,MSC,"['MEDIUM', 'HARD']"
2021,8,McLaren,NOR,"['SOFT', 'HARD']"
2021,8,McLaren,RIC,"['MEDIUM', 'HARD']"
2021,8,Mercedes,BOT,"['MEDIUM', 'HARD']"
2021,8,Mercedes,HAM,"['MEDIUM', 'HARD', 'SOFT']"
2021,8,Red Bull Racing,PER,"['SOFT', 'HARD', 'MEDIUM']"
2021,8,Red Bull Racing,VER,"['MEDIUM', 'HARD']"
2021,8,Williams,LAT,"['MEDIUM', 'SOFT', 'HARD']"
2021,8,Williams,RUS,"['MEDIUM', 'HARD', 'HARD']"
2021,9,Alfa Romeo Racing,GIO,"['MEDIUM', 'HARD', 'HARD']"
2021,9,Alfa Romeo Racing,RAI,"['HARD', 'MEDIUM']"
2021,9,AlphaTauri,GAS,"['SOFT', 'HARD', 'HARD']"
2021,9,AlphaTauri,TSU,"['SOFT', 'HARD', 'HARD']"
2021,9,Alpine,ALO,"['MEDIUM', 'HARD']"
2021,9,Alpine,OCO,['MEDIUM']
2021,9,Aston Martin,STR,"['SOFT', 'HARD', 'HARD']"
2021,9,Aston Martin,VET,"['SOFT', 'HARD', 'HARD']"
2021,9,Ferrari,LEC,"['MEDIUM', 'HARD']"
2021,9,Ferrari,SAI,"['HARD', 'MEDIUM']"
2021,9,Haas F1 Team,MAZ,"['MEDIUM', 'HARD', 'HARD']"
2021,9,Haas F1 Team,MSC,"['MEDIUM', 'HARD']"
2021,9,McLaren,NOR,"['MEDIUM', 'HARD']"
2021,9,McLaren,RIC,"['MEDIUM', 'HARD']"
2021,9,Mercedes,BOT,"['MEDIUM', 'HARD']"
2021,9,Mercedes,HAM,"['MEDIUM', 'HARD', 'HARD']"
2021,9,Red Bull Racing,PER,"['MEDIUM', 'HARD']"
2021,9,Red Bull Racing,VER,"['MEDIUM', 'HARD', 'HARD']"
2021,9,Williams,LAT,"['MEDIUM', 'HARD']"
2021,9,Williams,RUS,"['MEDIUM', 'HARD']"
2021,11,Alfa Romeo Racing,GIO,"['MEDIUM', 'INTERMEDIATE', 'MEDIUM', 'MEDIUM', 'MEDIUM', 'HARD']"
2021,11,Alfa Romeo Racing,RAI,"['INTERMEDIATE', 'MEDIUM', 'MEDIUM', 'HARD', 'SOFT']"
2021,11,AlphaTauri,GAS,"['INTERMEDIATE', 'INTERMEDIATE', 'MEDIUM', 'HARD', 'SOFT']"
2021,11,AlphaTauri,TSU,"['INTERMEDIATE', 'INTERMEDIATE', 'MEDIUM', 'HARD']"
2021,11,Alpine,ALO,"['INTERMEDIATE', 'INTERMEDIATE', 'MEDIUM', 'HARD']"
2021,11,Alpine,OCO,"['INTERMEDIATE', 'INTERMEDIATE', 'MEDIUM', 'HARD']"
2021,11,Aston Martin,STR,['INTERMEDIATE']
2021,11,Aston Martin,VET,"['INTERMEDIATE', 'INTERMEDIATE', 'MEDIUM', 'HARD']"
2021,11,Ferrari,LEC,['INTERMEDIATE']
2021,11,Ferrari,SAI,"['INTERMEDIATE', 'INTERMEDIATE', 'MEDIUM', 'HARD']"
2021,11,Haas F1 Team,MAZ,"['INTERMEDIATE', 'INTERMEDIATE', 'INTERMEDIATE']"
2021,11,Haas F1 Team,MSC,"['INTERMEDIATE', 'INTERMEDIATE', 'MEDIUM', 'HARD']"
2021,11,McLaren,NOR,"['INTERMEDIATE', 'INTERMEDIATE']"
2021,11,McLaren,RIC,"['INTERMEDIATE', 'INTERMEDIATE', 'MEDIUM', 'HARD']"
2021,11,Mercedes,BOT,['INTERMEDIATE']
2021,11,Mercedes,HAM,"['INTERMEDIATE', 'INTERMEDIATE', 'MEDIUM', 'HARD', 'MEDIUM']"
2021,11,Red Bull Racing,PER,['INTERMEDIATE']
2021,11,Red Bull Racing,VER,"['INTERMEDIATE', 'INTERMEDIATE', 'INTERMEDIATE', 'MEDIUM', 'HARD', 'MEDIUM']"
2021,11,Williams,LAT,"['INTERMEDIATE', 'INTERMEDIATE', 'MEDIUM', 'HARD']"
2021,11,Williams,RUS,"['INTERMEDIATE', 'INTERMEDIATE', 'MEDIUM', 'HARD']"
2021,12,Alfa Romeo Racing,GIO,['WET']
2021,12,Alfa Romeo Racing,RAI,['WET']
2021,12,AlphaTauri,GAS,['WET']
2021,12,AlphaTauri,TSU,['WET']
2021,12,Alpine,ALO,['WET']
2021,12,Alpine,OCO,['WET']
2021,12,Aston Martin,STR,['WET']
2021,12,Aston Martin,VET,['WET']
2021,12,Ferrari,LEC,['WET']
2021,12,Ferrari,SAI,['WET']
2021,12,Haas F1 Team,MAZ,['WET']
2021,12,Haas F1 Team,MSC,['WET']
2021,12,McLaren,NOR,['WET']
2021,12,McLaren,RIC,['WET']
2021,12,Mercedes,BOT,['WET']
2021,12,Mercedes,HAM,['WET']
2021,12,Red Bull Racing,PER,['WET']
2021,12,Red Bull Racing,VER,['WET']
2021,12,Williams,LAT,['WET']
2021,12,Williams,RUS,['WET']
2021,13,Alfa Romeo Racing,GIO,"['SOFT', 'MEDIUM', 'HARD']"
2021,13,Alfa Romeo Racing,KUB,"['MEDIUM', 'HARD']"
2021,13,AlphaTauri,GAS,"['SOFT', 'MEDIUM']"
2021,13,AlphaTauri,TSU,"['SOFT', 'MEDIUM']"
2021,13,Alpine,ALO,"['SOFT', 'MEDIUM']"
2021,13,Alpine,OCO,"['SOFT', 'MEDIUM']"
2021,13,Aston Martin,STR,"['SOFT', 'HARD']"
2021,13,Aston Martin,VET,"['SOFT', 'HARD', 'MEDIUM']"
2021,13,Ferrari,LEC,"['SOFT', 'HARD']"
2021,13,Ferrari,SAI,"['SOFT', 'HARD']"
2021,13,Haas F1 Team,MAZ,"['MEDIUM', 'HARD']"
2021,13,Haas F1 Team,MSC,"['SOFT', 'HARD', 'MEDIUM']"
2021,13,McLaren,NOR,"['MEDIUM', 'HARD']"
2021,13,McLaren,RIC,"['SOFT', 'HARD']"
2021,13,Mercedes,BOT,"['SOFT', 'MEDIUM', 'SOFT']"
2021,13,Mercedes,HAM,"['SOFT', 'MEDIUM', 'MEDIUM', 'SOFT']"
2021,13,Red Bull Racing,PER,"['HARD', 'MEDIUM', 'SOFT']"
2021,13,Red Bull Racing,VER,"['SOFT', 'MEDIUM', 'HARD']"
2021,13,Williams,LAT,"['MEDIUM', 'HARD']"
2021,13,Williams,RUS,"['MEDIUM', 'HARD', 'SOFT']"
2021,15,Alfa Romeo Racing,GIO,"['HARD', 'MEDIUM', 'INTERMEDIATE']"
2021,15,Alfa Romeo Racing,RAI,"['MEDIUM', 'HARD', 'INTERMEDIATE']"
2021,15,AlphaTauri,GAS,"['HARD', 'MEDIUM', 'INTERMEDIATE']"
2021,15,AlphaTauri,TSU,"['MEDIUM', 'HARD', 'SOFT', 'INTERMEDIATE']"
2021,15,Alpine,ALO,"['HARD', 'MEDIUM', 'INTERMEDIATE']"
2021,15,Alpine,OCO,"['MEDIUM', 'HARD', 'INTERMEDIATE']"
2021,15,Aston Martin,STR,"['MEDIUM', 'HARD', 'INTERMEDIATE']"
2021,15,Aston Martin,VET,"['MEDIUM', 'HARD', 'INTERMEDIATE']"
2021,15,Ferrari,LEC,"['HARD', 'MEDIUM', 'INTERMEDIATE']"
2021,15,Ferrari,SAI,"['MEDIUM', 'HARD', 'INTERMEDIATE']"
2021,15,Haas F1 Team,MAZ,"['MEDIUM', 'HARD', 'INTERMEDIATE']"
2021,15,Haas F1 Team,MSC,"['MEDIUM', 'HARD']"
2021,15,McLaren,NOR,"['MEDIUM', 'HARD', 'INTERMEDIATE']"
2021,15,McLaren,RIC,"['MEDIUM', 'HARD', 'INTERMEDIATE']"
2021,15,Mercedes,BOT,"['HARD', 'MEDIUM', 'INTERMEDIATE']"
2021,15,Mercedes,HAM,"['MEDIUM', 'HARD', 'INTERMEDIATE']"
2021,15,Red Bull Racing,PER,"['HARD', 'MEDIUM', 'INTERMEDIATE']"
2021,15,Red Bull Racing,VER,"['HARD', 'MEDIUM', 'INTERMEDIATE']"
2021,15,Williams,LAT,"['MEDIUM', 'HARD']"
2021,15,Williams,RUS,"['MEDIUM', 'HARD', 'INTERMEDIATE']"
2021,16,Alfa Romeo Racing,GIO,"['INTERMEDIATE', 'INTERMEDIATE']"
2021,16,Alfa Romeo Racing,RAI,"['INTERMEDIATE', 'INTERMEDIATE']"
2021,16,AlphaTauri,GAS,"['INTERMEDIATE', 'INTERMEDIATE']"
2021,16,AlphaTauri,TSU,"['INTERMEDIATE', 'INTERMEDIATE']"
2021,16,Alpine,ALO,"['INTERMEDIATE', 'INTERMEDIATE']"
2021,16,Alpine,OCO,['INTERMEDIATE']
2021,16,Aston Martin,STR,"['INTERMEDIATE', 'INTERMEDIATE']"
2021,16,Aston Martin,VET,"['INTERMEDIATE', 'MEDIUM', 'INTERMEDIATE']"
2021,16,Ferrari,LEC,"['INTERMEDIATE', 'INTERMEDIATE']"
2021,16,Ferrari,SAI,"['INTERMEDIATE', 'INTERMEDIATE']"
2021,16,Haas F1 Team,MAZ,"['INTERMEDIATE', 'INTERMEDIATE']"
2021,16,Haas F1 Team,MSC,"['INTERMEDIATE', 'INTERMEDIATE']"
2021,16,McLaren,NOR,"['INTERMEDIATE', 'INTERMEDIATE']"
2021,16,McLaren,RIC,"['INTERMEDIATE', 'INTERMEDIATE']"
2021,16,Mercedes,BOT,"['INTERMEDIATE', 'INTERMEDIATE', 'UNKNOWN']"
2021,16,Mercedes,HAM,"['INTERMEDIATE', 'INTERMEDIATE']"
2021,16,Red Bull Racing,PER,"['INTERMEDIATE', 'INTERMEDIATE']"
2021,16,Red Bull Racing,VER,"['INTERMEDIATE', 'INTERMEDIATE']"
2021,16,Williams,LAT,"['INTERMEDIATE', 'INTERMEDIATE']"
2021,16,Williams,RUS,"['INTERMEDIATE', 'INTERMEDIATE']"
2021,17,Alfa Romeo Racing,GIO,"['MEDIUM', 'MEDIUM', 'HARD']"
2021,17,Alfa Romeo Racing,RAI,"['MEDIUM', 'MEDIUM', 'HARD']"
2021,17,AlphaTauri,GAS,"['MEDIUM', 'HARD']"
2021,17,AlphaTauri,TSU,"['SOFT', 'HARD', 'HARD']"
2021,17,Alpine,ALO,"['MEDIUM', 'HARD', 'HARD', 'MEDIUM']"
2021,17,Alpine,OCO,"['MEDIUM', 'HARD', 'MEDIUM']"
2021,17,Aston Martin,STR,"['MEDIUM', 'MEDIUM', 'HARD']"
2021,17,Aston Martin,VET,"['MEDIUM', 'MEDIUM', 'HARD']"
2021,17,Ferrari,LEC,"['MEDIUM', 'HARD', 'HARD']"
2021,17,Ferrari,SAI,"['SOFT', 'HARD', 'HARD']"
2021,17,Haas F1 Team,MAZ,"['MEDIUM', 'HARD', 'MEDIUM', 'MEDIUM']"
2021,17,Haas F1 Team,MSC,"['MEDIUM', 'HARD', 'MEDIUM']"
2021,17,McLaren,NOR,"['MEDIUM', 'HARD', 'HARD']"
2021,17,McLaren,RIC,"['MEDIUM', 'HARD', 'HARD']"
2021,17,Mercedes,BOT,"['MEDIUM', 'HARD', 'HARD']"
2021,17,Mercedes,HAM,"['MEDIUM', 'HARD', 'HARD']"
2021,17,Red Bull Racing,PER,"['MEDIUM', 'MEDIUM', 'HARD']"
2021,17,Red Bull Racing,VER,"['MEDIUM', 'HARD', 'HARD']"
2021,17,Williams,LAT,"['MEDIUM', 'HARD', 'HARD']"
2021,17,Williams,RUS,"['MEDIUM', 'HARD', 'HARD']"
2021,18,Alfa Romeo Racing,GIO,"['MEDIUM', 'HARD']"
2021,18,Alfa Romeo Racing,RAI,"['MEDIUM', 'HARD']"
2021,18,AlphaTauri,GAS,"['MEDIUM', 'HARD']"
2021,18,AlphaTauri,TSU,['SOFT']
2021,18,Alpine,ALO,"['MEDIUM', 'HARD']"
2021,18,Alpine,OCO,"['SOFT', 'HARD']"
2021,18,Aston Martin,STR,"['MEDIUM', 'HARD', 'MEDIUM']"
2021,18,Aston Martin,VET,"['MEDIUM', 'HARD']"
2021,18,Ferrari,LEC,"['MEDIUM', 'HARD']"
2021,18,Ferrari,SAI,"['MEDIUM', 'HARD']"
2021,18,Haas F1 Team,MAZ,"['MEDIUM', 'HARD', 'MEDIUM']"
2021,18,Haas F1 Team,MSC,['MEDIUM']
2021,18,McLaren,NOR,"['MEDIUM', 'HARD']"
2021,18,McLaren,RIC,"['MEDIUM', 'HARD', 'MEDIUM']"
2021,18,Mercedes,BOT,"['MEDIUM', 'HARD', 'MEDIUM', 'SOFT', 'SOFT']"
2021,18,Mercedes,HAM,"['MEDIUM', 'HARD']"
2021,18,Red Bull Racing,PER,"['MEDIUM', 'HARD']"
2021,18,Red Bull Racing,VER,"['MEDIUM', 'HARD', 'INTERMEDIATE', 'SOFT']"
2021,18,Williams,LAT,"['MEDIUM', 'HARD', 'MEDIUM']"
2021,18,Williams,RUS,"['MEDIUM', 'HARD']"
2021,20,Alfa Romeo Racing,GIO,"['SOFT', 'MEDIUM', 'MEDIUM']"
2021,20,Alfa Romeo Racing,RAI,"['SOFT', 'MEDIUM', 'HARD']"
2021,20,AlphaTauri,GAS,"['SOFT', 'MEDIUM', 'MEDIUM']"
2021,20,AlphaTauri,TSU,"['SOFT', 'MEDIUM', 'HARD']"
2021,20,Alpine,ALO,"['SOFT', 'HARD']"
2021,20,Alpine,OCO,"['SOFT', 'HARD']"
2021,20,Aston Martin,STR,"['MEDIUM', 'HARD']"
2021,20,Aston Martin,VET,"['SOFT', 'MEDIUM']"
2021,20,Ferrari,LEC,"['MEDIUM', 'HARD']"
2021,20,Ferrari,SAI,"['MEDIUM', 'HARD']"
2021,20,Haas F1 Team,MAZ,"['MEDIUM', 'SOFT']"
2021,20,Haas F1 Team,MSC,"['SOFT', 'MEDIUM']"
2021,20,McLaren,NOR,"['SOFT', 'HARD', 'MEDIUM']"
2021,20,McLaren,RIC,"['MEDIUM', 'HARD']"
2021,20,Mercedes,BOT,"['MEDIUM', 'HARD']"
2021,20,Mercedes,HAM,"['MEDIUM', 'HARD', 'MEDIUM']"
2021,20,Red Bull Racing,PER,"['MEDIUM', 'HARD', 'MEDIUM']"
2021,20,Red Bull Racing,VER,"['MEDIUM', 'HARD', 'MEDIUM', 'SOFT']"
2021,20,Williams,LAT,"['SOFT', 'HARD']"
2021,20,Williams,RUS,"['SOFT', 'HARD', 'SOFT']"
2021,21,Alfa Romeo Racing,GIO,"['MEDIUM', 'HARD', 'HARD']"
2021,21,Alfa Romeo Racing,RAI,"['MEDIUM', 'HARD', 'HARD', 'MEDIUM']"
2021,21,AlphaTauri,GAS,"['MEDIUM', 'HARD', 'HARD']"
2021,21,AlphaTauri,TSU,"['MEDIUM', 'HARD', 'MEDIUM', 'HARD']"
2021,21,Alpine,ALO,"['MEDIUM', 'HARD', 'HARD', 'HARD', 'SOFT']"
2021,21,Alpine,OCO,"['MEDIUM', 'HARD', 'HARD']"
2021,21,Aston Martin,STR,"['MEDIUM', 'HARD', 'HARD', 'MEDIUM']"
2021,21,Aston Martin,VET,"['HARD', 'MEDIUM', 'MEDIUM']"
2021,21,Ferrari,LEC,"['MEDIUM', 'HARD', 'HARD', 'HARD']"
2021,21,Ferrari,SAI,"['HARD', 'MEDIUM', 'MEDIUM']"
2021,21,Haas F1 Team,MAZ,"['MEDIUM', 'HARD']"
2021,21,Haas F1 Team,MSC,['MEDIUM']
2021,21,McLaren,NOR,"['SOFT', 'HARD', 'HARD', 'HARD']"
2021,21,McLaren,RIC,"['HARD', 'MEDIUM', 'MEDIUM']"
2021,21,Mercedes,BOT,"['MEDIUM', 'HARD', 'HARD', 'MEDIUM']"
2021,21,Mercedes,HAM,"['MEDIUM', 'HARD', 'HARD', 'HARD']"
2021,21,Red Bull Racing,PER,"['MEDIUM', 'HARD', 'MEDIUM']"
2021,21,Red Bull Racing,VER,"['MEDIUM', 'HARD', 'MEDIUM']"
2021,21,Williams,LAT,"['MEDIUM', 'HARD', 'MEDIUM', 'HARD']"
2021,21,Williams,RUS,"['MEDIUM', 'HARD', 'HARD']"
2021,22,Alfa Romeo Racing,GIO,"['MEDIUM', 'HARD']"
2021,22,Alfa Romeo Racing,RAI,"['MEDIUM', 'HARD']"
2021,22,AlphaTauri,GAS,"['HARD', 'MEDIUM', 'SOFT']"
2021,22,AlphaTauri,TSU,"['MEDIUM', 'HARD', 'SOFT']"
2021,22,Alpine,ALO,"['HARD', 'MEDIUM']"
2021,22,Alpine,OCO,"['SOFT', 'HARD']"
2021,22,Aston Martin,STR,"['MEDIUM', 'HARD', 'SOFT']"
2021,22,Aston Martin,VET,"['MEDIUM', 'HARD']"
2021,22,Ferrari,LEC,"['SOFT', 'HARD', 'MEDIUM']"
2021,22,Ferrari,SAI,"['SOFT', 'HARD']"
2021,22,Haas F1 Team,MSC,"['SOFT', 'HARD', 'SOFT']"
2021,22,McLaren,NOR,"['SOFT', 'HARD', 'MEDIUM']"
2021,22,McLaren,RIC,"['SOFT', 'HARD', 'SOFT']"
2021,22,Mercedes,BOT,"['MEDIUM', 'HARD']"
2021,22,Mercedes,HAM,"['MEDIUM', 'HARD']"
2021,22,Red Bull Racing,PER,"['SOFT', 'HARD', 'HARD', 'SOFT']"
2021,22,Red Bull Racing,VER,"['SOFT', 'HARD', 'HARD', 'SOFT']"
2021,22,Williams,LAT,"['MEDIUM', 'HARD']"
2021,22,Williams,RUS,['MEDIUM']
